timestamp,nanoTime,type,x,y,z,w,label
1761823365709,8486763596320,ACC,0.4823464381066511,9.133574499931274,7.557708205790202,0.0,5.0
1761823365709,8486763596320,GYRO,-0.0518156555607344,-0.0101297090565102,0.0232782010754528,0.0,5.0
1761823365709,8486763596320,ROT_VEC,0.2633431795820726,-0.0833698111746821,1.0179739806610415,0.2615964541170364,5.0
1761823365709,8486763596320,MAG,55.36583360849982,-49.91575871141402,-17.724365933964474,0.0,5.0
1761823365729,8486783905483,MAG,34.50896806236692,-34.050712566963604,-31.35613402476155,0.0,5.0
1761823365729,8486783905483,ACC,-1.282705004017041,8.912011244591886,7.580351351084056,0.0,5.0
1761823365729,8486783905483,ROT_VEC,0.1127101919532808,-0.2040135083536402,-0.1213129818912319,0.8285217469694564,5.0
1761823365729,8486783905483,GYRO,0.0405029851057993,0.0257868864028224,0.0023688425871686,0.0,5.0
1761823365750,8486804214646,ACC,-1.209658169858106,9.72296143340056,5.545919764909866,0.0,5.0
1761823365750,8486804214646,GYRO,0.091661993304535,0.0493655287919996,-0.0115443200126844,0.0,5.0
1761823365750,8486804214646,MAG,14.848147697605144,-28.13145029204493,-13.08910394571596,0.0,5.0
1761823365750,8486804214646,ROT_VEC,0.3182486423376246,-0.1091714131770884,-0.3875911410867033,0.6099763408865487,5.0
1761823365770,8486824523809,MAG,9.327467037274564,-20.042236282114096,0.2195466805247176,0.0,5.0
1761823365770,8486824523809,ROT_VEC,0.3361761589351638,-0.1623239582702667,0.3070142869825022,0.4731558794306507,5.0
1761823365770,8486824523809,ACC,-0.8248117122441537,8.239628167986696,7.33471699330829,0.0,5.0
1761823365770,8486824523809,GYRO,0.0733691073234102,0.0689341321273385,0.0358571952213594,0.0,5.0
1761823365790,8486844832972,ACC,0.4750754602811381,8.348064026148064,4.991065901008857,0.0,5.0
1761823365790,8486844832972,MAG,-2.324200485585678,4.358001047056339,-11.544638800483767,0.0,5.0
1761823365790,8486844832972,GYRO,0.0090201688806737,0.0741753835289013,-0.0098740467495067,0.0,5.0
1761823365790,8486844832972,ROT_VEC,0.0688129730372199,0.6808470527175465,-0.7208302619471618,0.6077359128324625,5.0
1761823365811,8486865142135,MAG,31.187955863420022,-24.87706904178171,-16.2955247909122,0.0,5.0
1761823365811,8486865142135,ROT_VEC,0.3197356262950256,0.0533219810497573,0.0016372503064832,0.7734868589906541,5.0
1761823365811,8486865142135,ACC,-0.2332559756246251,9.32644068994231,5.749496983440675,0.0,5.0
1761823365811,8486865142135,GYRO,0.0731894049146848,-0.0687509764903119,0.0263369943650736,0.0,5.0
1761823365831,8486885451297,GYRO,0.016895744491554,-0.0623651125173463,-0.040316875262696,0.0,5.0
1761823365831,8486885451297,ACC,-1.7617400423264329,8.870174241267671,6.9393607349882345,0.0,5.0
1761823365831,8486885451297,MAG,23.96755491527437,-27.333902747910525,-4.001081309931371,0.0,5.0
1761823365831,8486885451297,ROT_VEC,0.3165719323766466,0.3976603583127366,-0.2242107349964376,0.4337811323950123,5.0
1761823365851,8486905760460,GYRO,-0.0032565900715748,0.0811470669634477,0.0168882508930744,0.0,5.0
1761823365851,8486905760460,MAG,18.794204606189357,-8.460935420262729,-6.39844147065704,0.0,5.0
1761823365851,8486905760460,ROT_VEC,0.4337236874761771,-0.1946509244462817,-0.5804334363053111,0.4282642203982516,5.0
1761823365851,8486905760460,ACC,-1.1750464048640117,5.732691107140401,6.298775219486712,0.0,5.0
1761823365871,8486926069623,MAG,36.91208748557619,-24.17907862031924,-2.056633105290989,0.0,5.0
1761823365871,8486926069623,GYRO,0.0561584306472356,0.0331537139938797,0.0019070872745302,0.0,5.0
1761823365871,8486926069623,ROT_VEC,0.3110859205332736,-0.2535078675026373,-1.190473986809341,-0.1007693917251028,5.0
1761823365871,8486926069623,ACC,-1.1424368944597936,3.656875829844208,1.3765876258122365,0.0,5.0
1761823365892,8486946378786,ACC,-0.5100073119848816,10.382113751806957,7.550516148387583,0.0,5.0
1761823365892,8486946378786,GYRO,-0.027330063902237,0.0444041883979475,0.0173959107662762,0.0,5.0
1761823365892,8486946378786,MAG,31.29860299977923,-52.813712309820495,-14.22630101930765,0.0,5.0
1761823365892,8486946378786,ROT_VEC,0.0787328100389229,0.4573981616884607,0.0435631262529209,0.8450335654733047,5.0
1761823365912,8486966687949,ACC,-1.0820175715587557,11.262203775773582,4.8995575464715735,0.0,5.0
1761823365912,8486966687949,ROT_VEC,0.0515933460919409,0.4170099109753239,0.3500695533332413,0.4250794313646845,5.0
1761823365912,8486966687949,MAG,16.224493133914578,-38.92691572055411,-20.66883918427506,0.0,5.0
1761823365912,8486966687949,GYRO,0.1247655839889166,-0.0893482757188812,-0.0010598255454662,0.0,5.0
1761823365932,8486986997112,MAG,14.637141780341045,-27.50920233832602,-7.959676417089207,0.0,5.0
1761823365932,8486986997112,GYRO,-0.0033101796473803,0.0004818183604197,0.0217362387179584,0.0,5.0
1761823365932,8486986997112,ACC,-1.1739362029755331,9.009020517915832,5.072761376950893,0.0,5.0
1761823365932,8486986997112,ROT_VEC,0.2980653418152181,0.3046597430191951,-0.1272286785035635,0.3604793397950142,5.0
1761823365953,8487007306275,GYRO,-0.0309921719900133,-0.0354307821606443,-0.0057072609743275,0.0,5.0
1761823365953,8487007306275,ROT_VEC,0.1107796598535594,-0.1816434121231651,-1.7985937296787335,0.7119105938693849,5.0
1761823365953,8487007306275,MAG,30.38814084116311,-13.767282709620414,-12.204994328847947,0.0,5.0
1761823365953,8487007306275,ACC,-0.4247108826957312,8.520950024464298,5.641146647926693,0.0,5.0
1761823365973,8487027615438,GYRO,-0.042685395038719,0.0623259734372783,-0.0110177121031079,0.0,5.0
1761823365973,8487027615438,ACC,-0.6497195791522323,9.963384627208166,5.674674709177065,0.0,5.0
1761823365973,8487027615438,MAG,-16.103436972768293,-12.399090097651774,-14.781056101340834,0.0,5.0
1761823365973,8487027615438,ROT_VEC,0.1814489933054466,0.2361348362549677,-0.1638435601484705,0.616903311795202,5.0
1761823365993,8487047924600,ACC,-0.4923615560531156,9.91196321525054,5.558359768350412,0.0,5.0
1761823365993,8487047924600,GYRO,0.0204076722074242,-0.160613202472423,-0.0241761569735358,0.0,5.0
1761823365993,8487047924600,MAG,22.49098299508146,-42.39865905842864,-25.717123751929137,0.0,5.0
1761823365993,8487047924600,ROT_VEC,0.3321887805665254,0.0761663474438475,-0.6794236604801972,0.4410731738668056,5.0
1761823366014,8487068233763,MAG,0.6749781917242412,-60.84291977999664,-14.422056875604524,0.0,5.0
1761823366014,8487068233763,ROT_VEC,0.3475876282749577,0.2644373608230224,-0.3925325382358101,0.4532687226224056,5.0
1761823366014,8487068233763,ACC,0.0671755506275946,11.304976745060747,4.591691131889188,0.0,5.0
1761823366014,8487068233763,GYRO,0.0340799278070355,0.0669872541900639,0.0150643620085953,0.0,5.0
1761823366034,8487088542926,ROT_VEC,0.1837092023583482,-0.3009331360572256,-0.4722626385845541,0.1993809221467846,5.0
1761823366034,8487088542926,GYRO,-0.0739949410389255,-0.1433114440060371,0.0075470185369171,0.0,5.0
1761823366034,8487088542926,ACC,0.2660518043466031,5.827393026177422,3.270172744191841,0.0,5.0
1761823366034,8487088542926,MAG,24.617671549088488,-41.328896303833,-10.435573655002123,0.0,5.0
1761823366054,8487108852089,ACC,0.0286732948768481,4.675582241589919,1.6499879867665874,0.0,5.0
1761823366054,8487108852089,MAG,8.37519704777135,-22.72836287277537,-14.26138362499547,0.0,5.0
1761823366054,8487108852089,ROT_VEC,0.2470696473576092,0.2668493441450756,-0.7272916232115505,0.380326831021869,5.0
1761823366054,8487108852089,GYRO,-0.0380537618188987,-0.053317395260617,-0.0166309421711462,0.0,5.0
1761823366075,8487129161252,MAG,33.72572099528131,-19.896256212668597,-10.48972663962261,0.0,5.0
1761823366075,8487129161252,GYRO,-0.0739696481920618,-0.077153830096145,-0.0109244965808156,0.0,5.0
1761823366075,8487129161252,ROT_VEC,0.2458735342003669,-0.4198370203839116,-0.6259699231923428,0.4647943056596034,5.0
1761823366075,8487129161252,ACC,-1.573838901960676,10.156757103910666,6.184791241485949,0.0,5.0
1761823366095,8487149470415,MAG,21.64203464352998,-48.94983814821674,-3.510714820981941,0.0,5.0
1761823366095,8487149470415,GYRO,0.0169460651466501,-0.058478521696623,-0.0080735768398709,0.0,5.0
1761823366095,8487149470415,ACC,-1.2637603322577675,7.927178951376544,4.898019227313203,0.0,5.0
1761823366095,8487149470415,ROT_VEC,0.2560468124926809,0.530607667388715,0.6919193921446181,0.7691830299924705,5.0
1761823366115,8487169779578,GYRO,-0.0360806837651396,0.0792068204989868,-0.0109069977852376,0.0,5.0
1761823366115,8487169779578,ROT_VEC,0.0474776910790437,-0.2538809810641426,0.2774048991628681,0.0524251098775349,5.0
1761823366115,8487169779578,ACC,-0.2132324722585205,6.108753186399229,3.651589119428992,0.0,5.0
1761823366115,8487169779578,MAG,39.74813575949877,-43.78418211984088,-11.199053099550584,0.0,5.0
1761823366135,8487190088741,ROT_VEC,0.2372178092235136,-0.2164314977105715,0.9743541232967508,0.2422567252887728,5.0
1761823366135,8487190088741,MAG,16.98970318582713,-44.78295794390425,-5.583629083051053,0.0,5.0
1761823366135,8487190088741,GYRO,0.093525906307967,-0.0553729011670471,-0.0067592527836946,0.0,5.0
1761823366135,8487190088741,ACC,-0.930539620884315,7.620530186210322,4.140282895934382,0.0,5.0
1761823366156,8487210397903,MAG,17.152566262382255,-33.29575941096215,-7.333317004113196,0.0,5.0
1761823366156,8487210397903,GYRO,-0.0893889026839776,-0.0999770966123315,-0.003318340342786,0.0,5.0
1761823366156,8487210397903,ACC,0.9685558986268034,7.595482538253577,5.685392109140549,0.0,5.0
1761823366156,8487210397903,ROT_VEC,0.2540565737391956,0.0769733053301322,-0.1122247207690511,0.2835805239248269,5.0
1761823366176,8487230707066,MAG,-2.328518874231929,-48.12878310006825,-9.23942793587077,0.0,5.0
1761823366176,8487230707066,GYRO,-0.0003562641812912,0.0533671361894962,-0.0391716507021998,0.0,5.0
1761823366176,8487230707066,ROT_VEC,0.2127293444015216,-0.3205141413972812,-0.4150601887863669,0.4204288486192067,5.0
1761823366176,8487230707066,ACC,0.0924255865678838,7.678789850445066,1.7290343578703362,0.0,5.0
1761823366196,8487251016229,ROT_VEC,0.1913153909944522,-0.1643182580453798,0.0563484922044127,0.3741275489496896,5.0
1761823366196,8487251016229,MAG,10.728165494687174,-42.65006246658658,-17.25583495816224,0.0,5.0
1761823366196,8487251016229,GYRO,-0.0280727778449753,-0.0375782141006003,-0.0044819300847389,0.0,5.0
1761823366196,8487251016229,ACC,-0.916724333026688,8.212561738439057,5.005319118301537,0.0,5.0
1761823366217,8487271325392,GYRO,0.0078490829644177,0.0123706192424504,-0.0108322843444236,0.0,5.0
1761823366217,8487271325392,ACC,-0.2925474158042242,9.22567161946558,5.325591271785016,0.0,5.0
1761823366217,8487271325392,ROT_VEC,-0.0408592921184447,-0.1686104043615513,0.4249044061512924,0.2813111383521223,5.0
1761823366217,8487271325392,MAG,-9.84183198616838,-42.4556937107529,-12.855983376175184,0.0,5.0
1761823366237,8487291634555,ACC,-0.5864705416716495,7.516965220448706,3.2759646451030395,0.0,5.0
1761823366237,8487291634555,MAG,-10.901561512524127,-33.516568120412266,-21.0769924036949,0.0,5.0
1761823366237,8487291634555,ROT_VEC,0.1431886726589468,-0.0232947926111094,-0.2646226786006121,0.5088051312063943,5.0
1761823366237,8487291634555,GYRO,0.1030009427225993,0.0407685708643928,0.0135116968498819,0.0,5.0
1761823366257,8487311943718,MAG,10.152349184869742,-31.098008465346627,-15.677169150378743,0.0,5.0
1761823366257,8487311943718,ROT_VEC,0.1058570434295578,-0.2698741190514885,-0.0484335833235062,0.6732716902327263,5.0
1761823366257,8487311943718,GYRO,0.0793995468075431,-0.1033571417815528,0.0180965034579262,0.0,5.0
1761823366257,8487311943718,ACC,-0.3436422118707227,5.264741855933002,5.349194316869238,0.0,5.0
1761823366278,8487332252881,ROT_VEC,0.3303211466746241,-0.1386276414555772,0.8622997205293189,0.4333647468447079,5.0
1761823366278,8487332252881,ACC,-2.600357768459133,9.50143658051544,6.147199881467762,0.0,5.0
1761823366278,8487332252881,GYRO,0.0376982645533945,0.0327022423460936,-0.0426042925576372,0.0,5.0
1761823366278,8487332252881,MAG,33.27732531398144,-37.27107873574583,-23.97109215358172,0.0,5.0
1761823366298,8487352562044,ROT_VEC,0.2026308286613613,-0.1171407560092757,-0.169137025472492,0.2024212139535494,5.0
1761823366298,8487352562044,MAG,2.9204066199566467,-22.78204699177079,-11.59746719978808,0.0,5.0
1761823366298,8487352562044,GYRO,-0.0008633453102566,0.0553543865013628,-0.0038357512449234,0.0,5.0
1761823366298,8487352562044,ACC,-0.4484060458698026,7.446206899125654,3.4164689312645047,0.0,5.0
1761823366318,8487372871206,MAG,26.41855374959029,-7.78239389221378,1.514122105099213,0.0,5.0
1761823366318,8487372871206,ACC,-0.7590630492405571,6.503483519992875,5.13360290328888,0.0,5.0
1761823366318,8487372871206,GYRO,0.067416369198629,-0.0868810513127432,-0.0139615109077497,0.0,5.0
1761823366318,8487372871206,ROT_VEC,0.1303837355033636,-0.1111618525097413,-0.6759085349822229,0.5285848925485536,5.0
1761823366339,8487393180369,ROT_VEC,0.3455032834452199,0.0392701593743028,-0.7680753041187038,0.6918757561239958,5.0
1761823366339,8487393180369,GYRO,0.04243535442445,0.0191464714559912,-0.0088933906555539,0.0,5.0
1761823366339,8487393180369,ACC,0.097220092847822,8.521333292243643,4.339112812940483,0.0,5.0
1761823366339,8487393180369,MAG,6.596594093961977,-27.114001453881095,-17.354694491560775,0.0,5.0
1761823366359,8487413489532,MAG,22.405801638437307,-35.42796148644406,-11.076563966736536,0.0,5.0
1761823366359,8487413489532,GYRO,0.0517530787649563,0.0103096017496606,0.0297287510508458,0.0,5.0
1761823366359,8487413489532,ACC,-1.2092722239762566,8.183570816571235,4.956276091558832,0.0,5.0
1761823366359,8487413489532,ROT_VEC,0.2590371664798944,0.7763801350080849,-0.2565179746386778,0.3294982848708819,5.0
1761823366379,8487433798695,ACC,-1.650434086940903,8.255733372251417,4.348611000834779,0.0,5.0
1761823366379,8487433798695,MAG,2.5245473029538825,-50.72780175925779,-7.23871554824755,0.0,5.0
1761823366379,8487433798695,GYRO,-0.0173877292667389,0.0248270759160493,-0.0045830613774312,0.0,5.0
1761823366379,8487433798695,ROT_VEC,0.229309525096469,0.1311607491724356,0.7570745377381491,0.3285795683306015,5.0
1761823366400,8487454107858,ACC,-0.3191073585398665,10.005811968753644,4.072772161133305,0.0,5.0
1761823366400,8487454107858,ROT_VEC,0.0917293592748661,0.1019577741792692,0.3774066757045916,0.3159251144751112,5.0
1761823366400,8487454107858,MAG,11.096827831285008,-38.742654850999095,-10.347024335366909,0.0,5.0
1761823366400,8487454107858,GYRO,-0.0065656928119571,-0.0987750629733343,0.0353488474772646,0.0,5.0
1761823366420,8487474417021,MAG,-5.540237644066581,-29.474990555200588,-12.285402366848237,0.0,5.0
1761823366420,8487474417021,ROT_VEC,0.247218458729431,-0.2649546119286926,0.8039281187711194,0.4443658135450526,5.0
1761823366420,8487474417021,ACC,-0.3887722441437699,8.622685395361719,5.818284645158408,0.0,5.0
1761823366420,8487474417021,GYRO,-0.0160280896450075,-0.0319176496396705,0.0076026157315249,0.0,5.0
1761823366440,8487494726184,GYRO,0.0567996308092657,-0.0133807574256002,0.0027741488519011,0.0,5.0
1761823366440,8487494726184,ACC,-1.2699416513271475,10.356080455446971,5.124020665355137,0.0,5.0
1761823366440,8487494726184,MAG,19.81214813342194,-12.288603768374138,-8.187862787614709,0.0,5.0
1761823366440,8487494726184,ROT_VEC,0.121023009664146,-0.0710858547157712,0.1858880571717977,0.5841083268433186,5.0
1761823366460,8487515035347,MAG,10.58459587737488,-28.42082911655588,-12.445390041700556,0.0,5.0
1761823366460,8487515035347,ROT_VEC,0.1435023821217326,0.3198046742647611,-0.158867580230283,0.7087307111112331,5.0
1761823366460,8487515035347,GYRO,0.031592481782728,-0.1030877900400179,0.0028793968981389,0.0,5.0
1761823366460,8487515035347,ACC,-1.916522537665171,8.843001178441023,6.341971674878431,0.0,5.0
1761823366481,8487535344510,GYRO,0.0624176921611835,-0.0062282091653328,0.0050613126097943,0.0,5.0
1761823366481,8487535344510,MAG,-2.274496931896454,-26.3597322097429,-8.786486735902841,0.0,5.0
1761823366481,8487535344510,ACC,-1.5865762161540884,8.042345880391109,7.994562871547909,0.0,5.0
1761823366481,8487535344510,ROT_VEC,0.3156589128263938,-0.0480733946836098,-0.3092990085292874,0.8782099022058009,5.0
1761823366501,8487555653672,ACC,-0.6148613900747475,8.316756001376852,5.205080172088163,0.0,5.0
1761823366501,8487555653672,GYRO,0.0549810206463134,-0.0467391960733131,-0.0017111235932055,0.0,5.0
1761823366501,8487555653672,ROT_VEC,0.0103667582527485,0.3226795965033668,-0.3785587009502152,0.4806531535000383,5.0
1761823366501,8487555653672,MAG,14.755318920317666,-32.87333916219028,-12.642559154132009,0.0,5.0
1761823366521,8487575962835,ACC,0.0236143694667446,6.446288681941258,4.520237384603606,0.0,5.0
1761823366521,8487575962835,ROT_VEC,0.3674715562294443,0.3329132715177968,0.2905372736462152,0.3156673999946157,5.0
1761823366521,8487575962835,MAG,54.17231858996876,-25.3696378869317,-8.773265975406268,0.0,5.0
1761823366521,8487575962835,GYRO,-0.0002363742537655,-0.0934799438055292,-0.0029577054905694,0.0,5.0
1761823366542,8487596271998,GYRO,-0.0069051544363051,-0.0892635616005909,0.0153371090364529,0.0,5.0
1761823366542,8487596271998,ACC,-1.582047972701587,6.82473870876393,6.137434860199549,0.0,5.0
1761823366542,8487596271998,MAG,2.935669749829812,-12.334828215996303,-4.001179514998789,0.0,5.0
1761823366542,8487596271998,ROT_VEC,0.2914135894958558,0.1863016279675179,-0.3037906156936986,0.5234216893483026,5.0
1761823366562,8487616581161,ROT_VEC,0.3233906477771489,0.383032381394617,0.990725485024386,0.817482130477333,5.0
1761823366562,8487616581161,GYRO,-0.0284365445280833,0.0234917429026695,0.0331114620949791,0.0,5.0
1761823366562,8487616581161,MAG,28.40682205552089,-14.353016731112378,-24.23107307736834,0.0,5.0
1761823366562,8487616581161,ACC,-0.9168271164546026,8.586982944715544,5.8638081309214245,0.0,5.0
1761823366582,8487636890324,ROT_VEC,0.196188492463483,-0.3394873026855311,1.2092872303938391,0.9278830842597714,5.0
1761823366582,8487636890324,MAG,16.918959469454613,-38.00542859060721,-5.23082602542434,0.0,5.0
1761823366582,8487636890324,GYRO,-0.0255164838344741,0.050944161534527,0.019428867501175,0.0,5.0
1761823366582,8487636890324,ACC,-1.6543296642935097,7.652479753420136,5.281821594931137,0.0,5.0
1761823366603,8487657199487,ROT_VEC,0.200914745106513,0.5407471604109974,-1.0697856089377973,0.4556510528790218,5.0
1761823366603,8487657199487,ACC,-0.5602300579827809,7.883258855075773,4.985440639937049,0.0,5.0
1761823366603,8487657199487,GYRO,0.0242228601076624,-0.0274062886423026,0.0453170956736882,0.0,5.0
1761823366603,8487657199487,MAG,13.477786488758785,-34.41725336703925,-5.553443812142185,0.0,5.0
1761823366623,8487677508650,MAG,19.49551629951381,-63.32295084252225,-15.642046227204704,0.0,5.0
1761823366623,8487677508650,ACC,0.3041292927571113,8.444712235777661,5.529760526824372,0.0,5.0
1761823366623,8487677508650,GYRO,-0.0418471232967743,-0.0472989094249305,0.0134838330788325,0.0,5.0
1761823366623,8487677508650,ROT_VEC,0.214390683935221,0.1203197690978571,-0.6606239191410666,-0.0246016466578471,5.0
1761823366643,8487697817813,GYRO,-0.0568185432197305,0.0203793004812765,0.0215769268166685,0.0,5.0
1761823366643,8487697817813,MAG,3.2323231705633204,-44.16238575021233,-11.132564778201315,0.0,5.0
1761823366643,8487697817813,ROT_VEC,0.3326758998086103,0.0689129394607604,-0.0833227745356935,0.4917820211346383,5.0
1761823366643,8487697817813,ACC,-0.8661396393765304,8.290756010842856,5.765420799220299,0.0,5.0
1761823366664,8487718126975,ACC,0.4826202193688305,7.961035368837198,4.635482342456244,0.0,5.0
1761823366664,8487718126975,MAG,0.4829592659601882,-6.207786839032299,-20.91122386103953,0.0,5.0
1761823366664,8487718126975,GYRO,0.0569303702262431,-0.0354363320886528,0.0190079180725153,0.0,5.0
1761823366664,8487718126975,ROT_VEC,0.2763676793762797,0.7325667999000537,-0.2095283331524464,0.4277051852836883,5.0
1761823366684,8487738436138,MAG,7.365358216947064,-28.73346994692634,-18.64148372349373,0.0,5.0
1761823366684,8487738436138,GYRO,0.0340689323126506,-0.0455364366071265,0.0067685883590211,0.0,5.0
1761823366684,8487738436138,ROT_VEC,0.2049154621785452,0.2760889532805725,-0.7313754716782215,-0.004042913614147,5.0
1761823366684,8487738436138,ACC,-0.4654937653218358,10.117834874437428,5.711481066950775,0.0,5.0
1761823366704,8487758745301,GYRO,0.0887076143100657,-0.0945587409741943,0.0469237191523202,0.0,5.0
1761823366704,8487758745301,MAG,-2.737158597043611,-39.93006286409359,-13.822336147315111,0.0,5.0
1761823366704,8487758745301,ACC,-0.0063478824075279,11.028423660818277,7.667489145545804,0.0,5.0
1761823366704,8487758745301,ROT_VEC,0.0387632266505458,0.0470912752043522,-0.4772372909941059,0.2167991340805002,5.0
1761823366724,8487779054464,ROT_VEC,0.2626708737556065,0.2650447797425613,-0.4308126366675616,0.055147200693713,5.0
1761823366724,8487779054464,MAG,45.64658754867405,-14.116542672057152,-3.948244728516777,0.0,5.0
1761823366724,8487779054464,GYRO,-0.0520483933671151,-0.018198090759903,0.0128873204835673,0.0,5.0
1761823366724,8487779054464,ACC,-0.8107722092205899,10.219774590467608,4.495756533755215,0.0,5.0
1761823366745,8487799363627,ROT_VEC,0.0519974921487101,-0.393596301873893,-0.4311537426747418,0.4848946999256242,5.0
1761823366745,8487799363627,ACC,-1.3714404388604644,8.400034475024281,5.081495077301409,0.0,5.0
1761823366745,8487799363627,GYRO,0.0123238108428829,0.0408424682674699,-0.0012129412832592,0.0,5.0
1761823366745,8487799363627,MAG,7.099579955546508,-30.78928777690582,-10.238113703127198,0.0,5.0
1761823366765,8487819672790,GYRO,0.00230674397762,-0.0259529392797531,0.0056028901237124,0.0,5.0
1761823366765,8487819672790,MAG,12.035186811589435,-4.232284743703712,-8.284012026643833,0.0,5.0
1761823366765,8487819672790,ROT_VEC,0.204428288946843,0.3164633146022981,0.0667548447121121,0.2943849268429011,5.0
1761823366765,8487819672790,ACC,-0.4696534359050723,6.120275258599932,4.686723016521253,0.0,5.0
1761823366785,8487839981953,ROT_VEC,0.1654583173682911,0.0151047153538605,1.446877399811289,0.658000363920378,5.0
1761823366785,8487839981953,MAG,-0.5407366646344203,-15.9020011669999,-16.700711363940577,0.0,5.0
1761823366785,8487839981953,ACC,0.0011352341383688,7.675119693047812,5.800356242206058,0.0,5.0
1761823366785,8487839981953,GYRO,-0.0946763454009729,-0.1169480737605814,-0.0120056897488969,0.0,5.0
1761823366806,8487860291116,ROT_VEC,0.230766514616564,0.2547902474266514,-0.7574949490521845,0.4045042222543376,5.0
1761823366806,8487860291116,ACC,-0.2812532866153656,7.530126193649878,4.834247503961878,0.0,5.0
1761823366806,8487860291116,GYRO,0.0031003903411166,0.0809411510525107,0.0125380808124766,0.0,5.0
1761823366806,8487860291116,MAG,29.260946710512563,-32.9240249613723,-13.281191411588708,0.0,5.0
1761823366826,8487880600278,MAG,31.952815192890505,-27.814787828443805,-5.800043308365694,0.0,5.0
1761823366826,8487880600278,GYRO,-0.0585193323571069,0.0508746777947366,-0.0045394498666977,0.0,5.0
1761823366826,8487880600278,ROT_VEC,0.1744802966824757,0.6008227058343631,-0.1655964979651497,0.1024614847350398,5.0
1761823366826,8487880600278,ACC,-0.5888805814195458,9.224894639161018,6.173234032813889,0.0,5.0
1761823366846,8487900909441,ROT_VEC,0.1275687754931077,-0.1835086647637636,-0.5640380157762612,0.2435562289445417,5.0
1761823366846,8487900909441,GYRO,-0.0530055559693252,-0.0837090898877492,0.0359206033595431,0.0,5.0
1761823366846,8487900909441,ACC,0.2033673292452952,9.2262359244245,5.453131505906797,0.0,5.0
1761823366846,8487900909441,MAG,20.58955932125465,-30.2672209492012,-27.63290773130621,0.0,5.0
1761823366867,8487921218604,ROT_VEC,0.2242086308864554,-0.1794977768594906,-1.048361303659733,0.2867713096100306,5.0
1761823366867,8487921218604,MAG,20.678400736925248,-48.976195593177685,-11.40645879132698,0.0,5.0
1761823366867,8487921218604,ACC,-0.1261162952377381,7.453568120865474,6.204801436438494,0.0,5.0
1761823366867,8487921218604,GYRO,0.0153295942424002,0.11528408596817,-0.0153692913162989,0.0,5.0
1761823366887,8487941527767,ACC,-0.1150589414543692,4.963298850936368,5.715450211462102,0.0,5.0
1761823366887,8487941527767,GYRO,0.0346411863582191,0.0632629093095344,-0.0004716183946342,0.0,5.0
1761823366887,8487941527767,ROT_VEC,-0.0232168069018702,0.2813635979583129,0.4829329138316916,0.7267086595110142,5.0
1761823366887,8487941527767,MAG,9.15572805965744,-41.2284889632794,-24.357229141624977,0.0,5.0
1761823366907,8487961836930,ROT_VEC,0.1336957554916364,-0.2286376212213366,-0.2202171608123251,0.6444064217406039,5.0
1761823366907,8487961836930,GYRO,-0.0664315623880613,-0.0764016415663728,-0.0022819703686339,0.0,5.0
1761823366907,8487961836930,MAG,34.16389304064494,-30.24974209752977,-7.695812519485244,0.0,5.0
1761823366907,8487961836930,ACC,-0.4213346922696795,8.82564253449774,3.931931298128615,0.0,5.0
1761823366928,8487982146093,GYRO,0.0056794863233571,0.1216924242369202,0.0161669488911807,0.0,5.0
1761823366928,8487982146093,ACC,-0.5260170983085511,4.714665473675394,4.655100467486949,0.0,5.0
1761823366928,8487982146093,ROT_VEC,0.2720832120921035,-0.5477555347834242,0.2498655813705779,0.5402118380924665,5.0
1761823366928,8487982146093,MAG,13.021853952349508,-25.110123340243018,-17.886014587914776,0.0,5.0
1761823366948,8488002455256,ACC,-0.6324152857640547,7.285231992961778,3.8860990467423897,0.0,5.0
1761823366948,8488002455256,GYRO,0.0667372766986319,-0.0264453717347809,0.0089967945550271,0.0,5.0
1761823366948,8488002455256,ROT_VEC,0.1461241702389328,0.0156529572310845,-0.335466010700291,0.5604905207420351,5.0
1761823366948,8488002455256,MAG,31.994879090211644,-41.74615591213762,-13.223223588254356,0.0,5.0
1761823366968,8488022764419,MAG,-4.793207614926538,-40.36912516255529,-8.85072187014885,0.0,5.0
1761823366968,8488022764419,ACC,-0.449136250221062,8.038517018292056,5.891568533490459,0.0,5.0
1761823366968,8488022764419,GYRO,-0.0054510956511578,0.0015171474141275,-0.007547001974929,0.0,5.0
1761823366968,8488022764419,ROT_VEC,0.1771342683474947,-0.1444216573412982,-0.177502026482895,0.6454027123097145,5.0
1761823366988,8488043073582,ACC,-0.6511944012159758,7.17837635603505,3.106765352440119,0.0,5.0
1761823366988,8488043073582,MAG,8.56002902123122,-37.20362601565895,-9.796767978321627,0.0,5.0
1761823366988,8488043073582,ROT_VEC,0.2696961697412575,-0.050973724984059,0.2571967827001192,0.45694746273207,5.0
1761823366988,8488043073582,GYRO,-0.0269399758706275,0.0078831208337681,-0.0169031361244929,0.0,5.0
1761823367009,8488063382744,MAG,15.50180366391581,-44.7383489561466,-7.719648464545959,0.0,5.0
1761823367009,8488063382744,ACC,-0.8048502987281967,5.428079312427458,5.327429080287449,0.0,5.0
1761823367009,8488063382744,GYRO,0.0044638245194104,0.0949065148774401,-0.0160267168839636,0.0,5.0
1761823367009,8488063382744,ROT_VEC,0.165863888085751,0.1109710823473517,-0.4223774000046668,0.313820982759611,5.0
1761823367029,8488083691907,ROT_VEC,0.1609024465036539,-0.2601835423001759,0.0100672952141112,0.8039206442770388,5.0
1761823367029,8488083691907,GYRO,0.0562178300584614,0.0718713991252549,-0.0064614899765497,0.0,5.0
1761823367029,8488083691907,ACC,-0.9573297319504694,4.149304289921747,5.3251042159898265,0.0,5.0
1761823367029,8488083691907,MAG,19.90729928628857,-34.1180441360117,-9.852290781832505,0.0,5.0
1761823367049,8488104001070,ACC,-0.7288010323081731,6.4232555540896765,4.238098648203046,0.0,5.0
1761823367049,8488104001070,ROT_VEC,0.0480880214391817,-0.0582465145710973,0.0913940930334904,0.9211394707536776,5.0
1761823367049,8488104001070,MAG,8.964015298243133,-24.049014705030554,-12.98000416092774,0.0,5.0
1761823367049,8488104001070,GYRO,0.0415362646578147,-0.1460552454729863,-0.0232255264346841,0.0,5.0
1761823367070,8488124310233,ACC,-0.8964289442890985,10.906484346134205,4.900083976870207,0.0,5.0
1761823367070,8488124310233,ROT_VEC,0.0888549205264385,0.6010121815198264,0.5205879281797844,0.2209805629469949,5.0
1761823367070,8488124310233,MAG,15.319915572864772,-41.1963563485609,-6.032786374162391,0.0,5.0
1761823367070,8488124310233,GYRO,-0.0252529873272607,0.1149713443482165,-0.0332173030094954,0.0,5.0
1761823367090,8488144619396,GYRO,-0.055712593245132,-0.0132680338815324,0.0011671706665773,0.0,5.0
1761823367090,8488144619396,ACC,-1.792305346488536,8.604310190383568,4.576475735320386,0.0,5.0
1761823367090,8488144619396,MAG,47.1099441912059,-21.269169395978658,-11.775753637183271,0.0,5.0
1761823367090,8488144619396,ROT_VEC,0.2047737617637864,-0.2263373694844291,0.39677124138951,0.7831004796289819,5.0
1761823367110,8488164928559,ACC,0.068429247910512,7.899917448162041,3.4108120727918494,0.0,5.0
1761823367110,8488164928559,ROT_VEC,0.3709035582300135,0.412573171896377,-0.1856456724400347,0.9061470374045896,5.0
1761823367110,8488164928559,MAG,0.7844366498731263,-45.68871013938058,-13.699374910555576,0.0,5.0
1761823367110,8488164928559,GYRO,-0.0104784063420888,0.0376235638712391,0.0174535185037332,0.0,5.0
1761823367131,8488185237722,MAG,18.157793559986946,-34.38594410941311,0.5146803430988771,0.0,5.0
1761823367131,8488185237722,ROT_VEC,0.4357206699456925,-0.3910336187363875,0.2922855414482399,0.6225184684367119,5.0
1761823367131,8488185237722,ACC,-1.7463980104054626,8.135405239455265,5.092019650461031,0.0,5.0
1761823367131,8488185237722,GYRO,0.0520597496091712,-0.2088853537731723,-0.0007028736404952,0.0,5.0
1761823367151,8488205546885,ROT_VEC,0.2178625720624714,-0.0548465346929003,0.5841446047054397,0.4576625134884108,5.0
1761823367151,8488205546885,MAG,10.371904851184762,-45.07803385895795,-19.26500328883242,0.0,5.0
1761823367151,8488205546885,ACC,-0.1117708549651473,5.764662439392334,4.147915655052007,0.0,5.0
1761823367151,8488205546885,GYRO,0.0053513931723609,0.0997706805402822,0.0155948174883031,0.0,5.0
1761823367171,8488225856047,ROT_VEC,0.2130173202043385,-0.1833474909123731,0.627921939979635,0.7750262201553443,5.0
1761823367171,8488225856047,MAG,5.887256664597,-36.26841669868332,-16.685932427283802,0.0,5.0
1761823367171,8488225856047,ACC,-0.2956323109539532,9.872193788485712,4.811072017149972,0.0,5.0
1761823367171,8488225856047,GYRO,0.0608706193346396,-0.1407294341855471,-0.0145550199084445,0.0,5.0
1761823367192,8488246165210,MAG,22.502588424572878,-29.828519387816183,-14.613295271947717,0.0,5.0
1761823367192,8488246165210,GYRO,-0.0980693067812473,0.0122921655406331,0.0132618562673358,0.0,5.0
1761823367192,8488246165210,ROT_VEC,0.1285021949362703,0.1302216349601297,0.8276070031453455,0.8331276730077306,5.0
1761823367192,8488246165210,ACC,-0.9620904519155266,8.17784562262779,6.380013307721291,0.0,5.0
1761823367212,8488266474373,ROT_VEC,0.4205359349425938,-0.464082062547499,-0.7429800590039979,0.5918555700079945,5.0
1761823367212,8488266474373,ACC,-0.6502441471097244,8.124414271284303,4.480721932808531,0.0,5.0
1761823367212,8488266474373,MAG,-4.856305112930064,-38.17466870720328,-10.182877860531226,0.0,5.0
1761823367212,8488266474373,GYRO,0.029333318142404,0.0014951519380663,0.0015507125125633,0.0,5.0
1761823367232,8488286783536,GYRO,-0.0226021666102849,0.0707444087742159,0.0280732080258805,0.0,5.0
1761823367232,8488286783536,MAG,16.39892527743722,-29.831181565665464,2.966720076988627,0.0,5.0
1761823367232,8488286783536,ACC,-0.8635475112880953,4.87414809183115,3.4229095294339213,0.0,5.0
1761823367232,8488286783536,ROT_VEC,0.4078785458756135,-0.4198461053720339,1.0262669635581891,0.5588135903501252,5.0
1761823367253,8488307092699,MAG,29.062022034310345,-4.0247634869760365,-17.625619769348067,0.0,5.0
1761823367253,8488307092699,GYRO,-0.0722920215577164,-0.0214586921245602,-0.023166355224059,0.0,5.0
1761823367253,8488307092699,ACC,-0.7514138849373497,4.864648347090763,5.481407416954268,0.0,5.0
1761823367253,8488307092699,ROT_VEC,0.2104351301091102,-0.0060840611384717,0.1088329574766259,0.4289334378874231,5.0
1761823367273,8488327401862,ROT_VEC,0.2258317647015822,-0.0906315283629878,-0.3689177143061757,0.4499723925219888,5.0
1761823367273,8488327401862,GYRO,-0.0428925173541533,-0.0530925078847989,0.0183480986552327,0.0,5.0
1761823367273,8488327401862,ACC,-1.0576650299594033,8.823615780442184,4.28947426257154,0.0,5.0
1761823367273,8488327401862,MAG,17.301356061525695,-8.650502308406448,-14.500825032597197,0.0,5.0
1761823367293,8488347711025,ROT_VEC,0.1516436276806145,0.1255107205961493,-0.7381310662537814,0.1959038090804948,5.0
1761823367293,8488347711025,MAG,11.941699622907487,-13.35862100046914,-21.451437435029824,0.0,5.0
1761823367293,8488347711025,GYRO,0.0561498265145086,-0.0477796164217018,-0.0230233256313219,0.0,5.0
1761823367293,8488347711025,ACC,-2.15313109088517,5.637346310547176,6.634436951092827,0.0,5.0
1761823367313,8488368020188,ACC,-0.501236435286305,9.166327061390591,2.7732940879783943,0.0,5.0
1761823367313,8488368020188,MAG,5.085694921338927,-31.47116746154624,-8.635931425449158,0.0,5.0
1761823367313,8488368020188,GYRO,0.0469922474504537,-0.2097670746411115,0.0004161969867513,0.0,5.0
1761823367313,8488368020188,ROT_VEC,0.1793286315094417,-0.0871849060041689,-0.8717234188107558,0.2754536053445123,5.0
1761823367334,8488388329350,ACC,-0.825955108882851,7.211222488757369,4.846696545987509,0.0,5.0
1761823367334,8488388329350,MAG,10.280710552800718,-13.72193339389839,-12.035250090657131,0.0,5.0
1761823367334,8488388329350,GYRO,0.001888327196381,0.0389578167498674,-0.0057507914358735,0.0,5.0
1761823367334,8488388329350,ROT_VEC,0.3241412634433395,-0.1880618676796456,-0.4081375614010055,0.6007564523529544,5.0
1761823367354,8488408638513,MAG,4.399726168935272,-25.17810456300465,-16.4410342428432,0.0,5.0
1761823367354,8488408638513,GYRO,-0.1181687619969241,-0.0126449142563041,0.0024608067703865,0.0,5.0
1761823367354,8488408638513,ROT_VEC,0.1896090460837787,0.3786163350693229,-0.44666003373629,0.3024838104824489,5.0
1761823367354,8488408638513,ACC,-0.8760716820996224,6.346265765032956,6.484316195036123,0.0,5.0
1761823367374,8488428947676,GYRO,-0.1035009711867544,0.0085846819262725,0.0444153195063615,0.0,5.0
1761823367374,8488428947676,ACC,-1.4025410474408757,7.861638288497156,5.29291852266469,0.0,5.0
1761823367374,8488428947676,MAG,17.813806733569017,-24.101163055994093,-17.440038476837376,0.0,5.0
1761823367374,8488428947676,ROT_VEC,0.4763750536111684,0.4960631464374879,1.07241444514229,0.5507228185684824,5.0
1761823367395,8488449256839,GYRO,-0.073919815070744,-0.1327034866778621,0.0066467380123963,0.0,5.0
1761823367395,8488449256839,ACC,-1.356607859465886,6.992398579701599,6.199151129304393,0.0,5.0
1761823367395,8488449256839,ROT_VEC,0.3082427131045872,0.3772391247691976,-0.3394570930491092,0.628898507054652,5.0
1761823367395,8488449256839,MAG,37.45183960759724,-13.275671185813408,-26.05348932203881,0.0,5.0
1761823367415,8488469566002,MAG,-0.5976311955458025,-32.38797114393341,-4.3697621061175385,0.0,5.0
1761823367415,8488469566002,GYRO,-0.0114891668279201,0.0479042967982188,-0.001145571231567,0.0,5.0
1761823367415,8488469566002,ROT_VEC,0.2391194173568491,-0.0021384020266943,-1.2272043529114316,0.0699332354307883,5.0
1761823367415,8488469566002,ACC,-0.6108916583946411,7.318832852957709,5.046557431219376,0.0,5.0
1761823367435,8488489875165,GYRO,0.0266035646223059,0.0083727048246135,0.0256842307445475,0.0,5.0
1761823367435,8488489875165,ACC,-0.3980853591848324,9.250768005368442,4.975658634455896,0.0,5.0
1761823367435,8488489875165,ROT_VEC,0.1772741781995459,-0.1113864578900739,0.4680687360686415,0.3299656894942167,5.0
1761823367435,8488489875165,MAG,16.75499778456961,-46.97920312814599,-14.91454450725908,0.0,5.0
1761823367456,8488510184328,MAG,9.951049896396428,-49.91368197997249,-20.25885528491337,0.0,5.0
1761823367456,8488510184328,ROT_VEC,0.13554742164301,-0.3149368944846848,-0.9225968798431988,0.6553500352751722,5.0
1761823367456,8488510184328,GYRO,-0.0864568575700474,0.2553794885955318,-0.0031045719192142,0.0,5.0
1761823367456,8488510184328,ACC,-1.3550283096469224,6.854407921707734,4.892546273759336,0.0,5.0
1761823367476,8488530493491,ROT_VEC,0.0951614031020143,0.0133268322467923,-0.5068244743213562,0.4267187931130842,5.0
1761823367476,8488530493491,GYRO,0.0155172485820208,0.0061254979983704,-0.0211843117331508,0.0,5.0
1761823367476,8488530493491,MAG,18.86072568263723,-30.86763301832976,-11.404881133840837,0.0,5.0
1761823367476,8488530493491,ACC,-0.7799187908755192,10.252985485011164,4.614142453692674,0.0,5.0
1761823367496,8488550802653,ROT_VEC,0.2922592612942245,0.3739810174291635,0.1716866526310241,0.4796966891227094,5.0
1761823367496,8488550802653,ACC,-0.927187022123714,8.159264443452715,5.536510121780515,0.0,5.0
1761823367496,8488550802653,GYRO,0.0417910505661617,0.0067093740492485,0.0201448337255651,0.0,5.0
1761823367496,8488550802653,MAG,10.842264453281611,-26.602045591501174,-7.061933017529606,0.0,5.0
1761823367517,8488571111816,GYRO,0.0534283587408877,-0.0104500706264528,0.0077377807296961,0.0,5.0
1761823367517,8488571111816,ROT_VEC,0.2054692492269554,0.1508497259732955,0.5900756500920681,0.4666605084974088,5.0
1761823367517,8488571111816,ACC,-1.0271947347149883,3.6876756494700578,6.982975452523354,0.0,5.0
1761823367517,8488571111816,MAG,23.61623743385955,-33.133771707144234,-19.973632881388617,0.0,5.0
1761823367537,8488591420979,GYRO,-0.0612131568614759,-0.0091088220719477,-0.0178808876509785,0.0,5.0
1761823367537,8488591420979,ROT_VEC,0.4485315046153051,0.2389869471336619,-0.4366962885643037,-0.1845113900106328,5.0
1761823367537,8488591420979,MAG,29.8586661492797,-28.013101212826317,2.016631972382079,0.0,5.0
1761823367537,8488591420979,ACC,-0.1588706331883978,6.081348137554846,7.66460410111485,0.0,5.0
1761823367557,8488611730142,ROT_VEC,0.172833718597079,-0.2100209233573725,0.1397824577194992,0.777651279416314,5.0
1761823367557,8488611730142,GYRO,-0.0485780092203302,0.039493242902956,0.0081362232385419,0.0,5.0
1761823367557,8488611730142,ACC,-2.0526345178967875,9.903812996204586,5.116243746118566,0.0,5.0
1761823367557,8488611730142,MAG,-8.333381513059894,-35.29780671875111,-19.702308054848483,0.0,5.0
1761823367996,8489050283667,ACC,-0.1026503819611671,9.048592905067636,6.879091408299884,0.0,5.0
1761823367996,8489050283667,ROT_VEC,0.3841330979033881,0.2234248567959119,1.2643010522737703,0.3395230082739079,5.0
1761823367996,8489050283667,GYRO,0.0235603777151162,-0.0127359114381006,-0.00878727212716,0.0,5.0
1761823367996,8489050283667,MAG,-7.061613554832649,-31.80671422372086,-14.411690884117034,0.0,5.0
1761823368016,8489070517917,ROT_VEC,0.4163348635086225,-0.2016805480100328,-0.2854004015034391,0.7440064572165893,5.0
1761823368016,8489070517917,MAG,21.94108342209069,4.74046179157185,-15.70855806666417,0.0,5.0
1761823368016,8489070517917,GYRO,-0.0154453736250806,0.0590816013499091,-0.0074586645450648,0.0,5.0
1761823368016,8489070517917,ACC,-1.3194079515131991,7.487036468620496,4.654654038719662,0.0,5.0
1761823368036,8489090752166,ACC,-0.3301216638128206,12.0299034932184,7.584290285046145,0.0,5.0
1761823368036,8489090752166,MAG,18.04314117267652,-37.98325261006718,-17.94957117475139,0.0,5.0
1761823368036,8489090752166,GYRO,-0.0486377921321138,-0.0103412342011477,-0.012416893696141,0.0,5.0
1761823368036,8489090752166,ROT_VEC,0.3855653278093365,-0.0891364430710353,-0.1172151816186444,0.5764534293734237,5.0
1761823368056,8489110986415,GYRO,-0.0552166209238474,0.2069822196873447,-0.0046161423001936,0.0,5.0
1761823368056,8489110986415,ROT_VEC,0.2382513984166767,0.5609986880519082,0.6456109426377971,0.5408794150275031,5.0
1761823368056,8489110986415,ACC,-0.3442923763836335,9.042344580624498,6.148839237675353,0.0,5.0
1761823368056,8489110986415,MAG,33.07638683689896,-40.17305507443474,-19.792726521530756,0.0,5.0
1761823368077,8489131220665,MAG,13.051783252372267,-9.542956442586537,-22.81473645249733,0.0,5.0
1761823368077,8489131220665,GYRO,0.0219149424855939,0.0951969516596347,0.0122523107593367,0.0,5.0
1761823368077,8489131220665,ROT_VEC,0.1989642993807848,0.0784320995515195,-0.1560460621258376,0.7590251754696681,5.0
1761823368077,8489131220665,ACC,-1.0829796316705265,5.988682919768236,5.952095664067559,0.0,5.0
1761823368097,8489151454914,ROT_VEC,0.0712223176622911,-0.2910279040256917,-0.524347726291221,-0.012989034007923,5.0
1761823368097,8489151454914,ACC,-1.0718397488106042,12.02289293252051,6.52581653123382,0.0,5.0
1761823368097,8489151454914,GYRO,0.0755442398429383,-0.0930699777471612,-0.0266542382364349,0.0,5.0
1761823368097,8489151454914,MAG,0.1489147601180809,-14.282794135976998,-6.134605928235027,0.0,5.0
1761823368117,8489171689164,ACC,-0.4806539483929454,7.876212389984438,3.9466529000575936,0.0,5.0
1761823368117,8489171689164,GYRO,0.0518073420572932,-0.0828329627420425,0.0088668724283424,0.0,5.0
1761823368117,8489171689164,MAG,15.31091738838119,-36.1967299480816,-13.59007278524011,0.0,5.0
1761823368117,8489171689164,ROT_VEC,0.0874947814989077,0.2966632740881657,-0.5054081737310125,0.5964473630767564,5.0
1761823368137,8489191923413,ACC,0.5215123497450355,8.902632826086862,4.243754044768003,0.0,5.0
1761823368137,8489191923413,MAG,35.475929156449965,-17.7500265386206,-26.671740747154555,0.0,5.0
1761823368137,8489191923413,GYRO,0.0181690625310606,-0.0486457001369874,0.010104023911235,0.0,5.0
1761823368137,8489191923413,ROT_VEC,0.1422409833534492,-0.0029238554539799,0.4511242228417557,0.3941038560401848,5.0
1761823368158,8489212157662,MAG,-2.850378347617103,-39.82556948241296,-28.160398534471238,0.0,5.0
1761823368158,8489212157662,ACC,-0.0532137096313308,7.510324924841062,5.722766556467387,0.0,5.0
1761823368158,8489212157662,GYRO,0.0300822617551643,-0.1197755565960147,-0.0219016305910158,0.0,5.0
1761823368158,8489212157662,ROT_VEC,0.3867687327948766,0.1128405838224249,-0.1996296214211653,0.0857638463091518,5.0
1761823368178,8489232391912,GYRO,0.0090622069522196,-0.1067669972286155,-0.0115621736789091,0.0,5.0
1761823368178,8489232391912,ROT_VEC,0.1614186688780784,0.5357778655929007,-0.0826989994691271,0.6140189060623045,5.0
1761823368178,8489232391912,MAG,34.398763860211204,-31.469956469284245,-24.551193202879837,0.0,5.0
1761823368178,8489232391912,ACC,-1.3341729612090103,9.882380197773164,3.23938806632118,0.0,5.0
1761823368198,8489252626161,ROT_VEC,0.2922670327641956,0.0754265411688085,-0.0526231583795539,0.3413206732198964,5.0
1761823368198,8489252626161,ACC,-0.1222423990167792,8.553245124356396,5.974891614617406,0.0,5.0
1761823368198,8489252626161,MAG,19.543357760616665,-30.808160453311757,-2.562324018636227,0.0,5.0
1761823368198,8489252626161,GYRO,-0.0415808038031339,-0.0306199914459424,-0.0182476480304692,0.0,5.0
1761823368218,8489272860410,GYRO,0.0633896514688757,0.0528781198499774,-0.0085227162286075,0.0,5.0
1761823368218,8489272860410,ACC,-0.2809456861706878,7.285002925598463,7.076192157597253,0.0,5.0
1761823368218,8489272860410,ROT_VEC,0.4360557805267431,-0.1363361118969248,-0.8086445037432678,0.332107468598083,5.0
1761823368218,8489272860410,MAG,22.906868273680303,-32.620529198992045,-17.48216439283947,0.0,5.0
1761823368239,8489293094660,GYRO,0.0332986952647069,-0.192884202247221,0.0053701091640741,0.0,5.0
1761823368239,8489293094660,ROT_VEC,0.2195096504209948,-0.3634533913588837,0.2917382985632636,0.5367546326868925,5.0
1761823368239,8489293094660,MAG,4.453888182498744,-29.65610044223953,-10.297877719858915,0.0,5.0
1761823368239,8489293094660,ACC,-1.2600605267800946,7.233689253258114,4.934724051785016,0.0,5.0
1761823368259,8489313328909,MAG,47.11502376534494,-41.63532190771819,-10.736905457026452,0.0,5.0
1761823368259,8489313328909,ROT_VEC,0.2582666156414971,0.3056237639278184,-1.4698813727714384,0.1962232390911955,5.0
1761823368259,8489313328909,GYRO,0.0288335651011675,-0.0518287368009852,-0.004265339495815,0.0,5.0
1761823368259,8489313328909,ACC,-1.5636664984487847,7.920923707575613,5.750642687941677,0.0,5.0
1761823368279,8489333563159,GYRO,0.0409067825624551,0.1467630238162542,0.0027703142976453,0.0,5.0
1761823368279,8489333563159,ROT_VEC,0.1591013732964764,0.1685557006505775,0.2858379532506095,0.2862561873102475,5.0
1761823368279,8489333563159,MAG,-3.5962634422179174,-40.35117214601073,-10.771664795854738,0.0,5.0
1761823368279,8489333563159,ACC,-0.3101798614376171,5.962594609418557,5.015104695625166,0.0,5.0
1761823368299,8489353797408,ACC,-0.5673007213728996,8.993974605198908,4.040668292353087,0.0,5.0
1761823368299,8489353797408,GYRO,0.043733810779072,0.0234869954644133,-0.0096058000312408,0.0,5.0
1761823368299,8489353797408,MAG,16.387231743010112,-41.154418408410976,-0.6630114749166949,0.0,5.0
1761823368299,8489353797408,ROT_VEC,0.3266021743858747,0.0390229611192452,-0.177929228720241,0.14612056238262,5.0
1761823368319,8489374031657,MAG,18.882668448455284,-41.58583041458889,-26.471171334944557,0.0,5.0
1761823368319,8489374031657,ROT_VEC,0.320500250330217,-0.1784664979316557,-1.175519928630317,0.4792373525722788,5.0
1761823368319,8489374031657,ACC,0.2217835804148962,7.425134606718368,5.572847687719246,0.0,5.0
1761823368319,8489374031657,GYRO,-0.0024026815594917,-0.0694631167674954,0.0110124300785127,0.0,5.0
1761823368340,8489394265907,ACC,-1.1700138616753015,6.597172401905581,6.206803078349156,0.0,5.0
1761823368340,8489394265907,MAG,14.205923026572853,-47.93023044169649,-8.83343097812887,0.0,5.0
1761823368340,8489394265907,ROT_VEC,0.2460814572006316,-0.0797357586719797,-1.350209350620013,-0.1149232922123867,5.0
1761823368340,8489394265907,GYRO,0.0362109514119501,0.0959056247731887,0.0062450613570644,0.0,5.0
1761823368360,8489414500156,ACC,-0.774857582088097,8.741141880980699,4.684340068740148,0.0,5.0
1761823368360,8489414500156,ROT_VEC,0.2849956791218476,0.3669788705986017,-0.3655299450146564,0.3314487948822049,5.0
1761823368360,8489414500156,GYRO,-0.0015256468220019,-0.0829099167272857,-0.0035834043179517,0.0,5.0
1761823368360,8489414500156,MAG,6.072202543811793,-34.13375665134747,-16.109293780750413,0.0,5.0
1761823368380,8489434734405,MAG,6.468844596875763,-10.489728077907309,-5.329737284587898,0.0,5.0
1761823368380,8489434734405,ACC,-1.1496729062471205,6.404870314355535,5.645186792930037,0.0,5.0
1761823368380,8489434734405,ROT_VEC,0.2266667082514225,-0.3743760233592602,-0.9668464575480764,0.2063905840101883,5.0
1761823368380,8489434734405,GYRO,0.0119525722231931,-0.1499130200045132,0.007013509912513,0.0,5.0
1761823368400,8489454968655,ACC,-1.4884044428519263,10.145456601104922,5.829397928367853,0.0,5.0
1761823368400,8489454968655,ROT_VEC,0.3714196885973033,0.2545562673315827,0.0453478529221252,0.6657089738647506,5.0
1761823368400,8489454968655,GYRO,-0.080292510296292,0.005334476680756,0.0247629480375739,0.0,5.0
1761823368400,8489454968655,MAG,3.2230526703731,-40.053923913694085,-3.666398943901223,0.0,5.0
1761823368421,8489475202904,MAG,-6.574000239814937,-25.71482208005274,-14.413049146852975,0.0,5.0
1761823368421,8489475202904,ACC,-1.2070579386864968,6.652653940476054,5.731859289920685,0.0,5.0
1761823368421,8489475202904,GYRO,0.0027529940253957,0.0373109591488523,0.0206635811995256,0.0,5.0
1761823368421,8489475202904,ROT_VEC,0.3274576468033958,-0.1832737259839002,0.499397368802027,0.8522525733137262,5.0
1761823368441,8489495437154,ROT_VEC,0.2242009919023806,-0.1490531135235245,-0.0293136626335213,0.4825884282925581,5.0
1761823368441,8489495437154,GYRO,-0.0066620705366512,0.0622070581882532,0.0112307348724679,0.0,5.0
1761823368441,8489495437154,ACC,-2.541601409859828,7.336463767214446,4.380485697010333,0.0,5.0
1761823368441,8489495437154,MAG,6.650075573445044,-3.04823654426127,-5.964363991126664,0.0,5.0
1761823368461,8489515671403,GYRO,-0.0903837199451169,-0.0861445714465689,-0.0197968200122213,0.0,5.0
1761823368461,8489515671403,ROT_VEC,0.1306515738620054,0.1388293175526308,-0.0087130928878539,0.3323610759848127,5.0
1761823368461,8489515671403,ACC,-0.8529134888531412,9.248718558443738,5.30737693415213,0.0,5.0
1761823368461,8489515671403,MAG,-8.415816206637643,-11.47065946876184,-14.380635124677893,0.0,5.0
1761823368481,8489535905652,GYRO,0.0572515000497322,-0.1310739724060833,-0.0047662355638791,0.0,5.0
1761823368481,8489535905652,MAG,6.232832644874146,-32.07820306675366,-8.591298439384747,0.0,5.0
1761823368481,8489535905652,ROT_VEC,0.3592647746467873,-0.0681362370881159,-0.6350121501548448,-0.1557036240783776,5.0
1761823368481,8489535905652,ACC,-1.4906341688290934,10.314763112835184,7.0727981740769135,0.0,5.0
1761823368502,8489556139902,ACC,-0.0435317332007614,9.262968790991362,4.751843041688051,0.0,5.0
1761823368502,8489556139902,GYRO,0.0500924586305589,-0.0776184089233899,-0.0113853809777658,0.0,5.0
1761823368502,8489556139902,ROT_VEC,0.3277495456177267,0.265474682644037,-0.0290759751620851,0.3942569100020813,5.0
1761823368502,8489556139902,MAG,4.3897023649199145,-36.57241486350729,0.4194250720564938,0.0,5.0
1761823368522,8489576374151,ACC,-1.13977966621608,8.826332947535859,4.378890269984555,0.0,5.0
1761823368522,8489576374151,GYRO,0.0134261179579258,-0.06565995560573,-0.0111396164068616,0.0,5.0
1761823368522,8489576374151,ROT_VEC,0.2472785340898708,-0.4090937337439557,-0.5668001938495386,0.6415860726019667,5.0
1761823368522,8489576374151,MAG,-19.699743675731927,-35.19306838357595,-17.604750742791257,0.0,5.0
1761823368542,8489596608400,MAG,17.126278132896076,-27.7602856865581,-11.402234429848855,0.0,5.0
1761823368542,8489596608400,ACC,0.4111099303283649,6.563108778688451,6.3296251055265165,0.0,5.0
1761823368542,8489596608400,ROT_VEC,0.2008085727866447,-0.2873979758123665,-0.6842357775834285,0.1583408107332202,5.0
1761823368542,8489596608400,GYRO,-0.002054330244831,-0.0529871801150983,0.029070665229991,0.0,5.0
1761823368562,8489616842650,ACC,0.4273854169576622,7.056685875550308,5.027125931422644,0.0,5.0
1761823368562,8489616842650,GYRO,-0.0362535981182976,-0.0287161219392374,-0.0040987774209887,0.0,5.0
1761823368562,8489616842650,ROT_VEC,0.2752073078166962,0.4167584780827031,-0.7845117827232603,0.3014745860591476,5.0
1761823368562,8489616842650,MAG,10.16456765214809,-51.65812246056223,-13.787638970362016,0.0,5.0
1761823368582,8489637076899,MAG,28.94809647548804,-32.627121807761924,-0.9172818614670522,0.0,5.0
1761823368582,8489637076899,GYRO,0.0242737675604702,-0.0286800837525495,-0.0044444352333235,0.0,5.0
1761823368582,8489637076899,ACC,-0.7705428401235183,7.925596939783789,3.9491921966158303,0.0,5.0
1761823368582,8489637076899,ROT_VEC,0.2821786738405481,-0.272150130667714,0.1598378357473283,0.4341461955186462,5.0
1761823368603,8489657311149,GYRO,-0.0994895886951092,-0.0834996886504707,0.0075064442042911,0.0,5.0
1761823368603,8489657311149,ROT_VEC,0.2167158619418034,0.22881181475397,0.7670655104427128,0.1241920302648987,5.0
1761823368603,8489657311149,ACC,-1.3110664285163025,8.261744286580273,6.908969238347847,0.0,5.0
1761823368603,8489657311149,MAG,29.51015432557488,-34.20065949337715,-20.487348479246823,0.0,5.0
1761823368623,8489677545398,GYRO,0.0052199434695937,0.1300866489479196,0.0043468735245323,0.0,5.0
1761823368623,8489677545398,ACC,-0.574369699176681,7.531505729035858,4.966222447805943,0.0,5.0
1761823368623,8489677545398,ROT_VEC,0.1426881380266142,0.2455602026806188,-0.7374869936103854,0.0778065391829381,5.0
1761823368623,8489677545398,MAG,9.920803152785854,-27.965934738753937,-2.02851213045367,0.0,5.0
1761823368643,8489697779647,MAG,27.041828095584385,-24.4870326409357,-10.083362067252622,0.0,5.0
1761823368643,8489697779647,GYRO,0.0348167926938818,0.0044862637926734,0.0163044832914063,0.0,5.0
1761823368643,8489697779647,ROT_VEC,-0.0067810471145148,-0.0895420924768649,0.1301364840105165,0.5011880913405965,5.0
1761823368643,8489697779647,ACC,-0.7166145035639926,9.33697947702817,4.943919120673574,0.0,5.0
1761823368663,8489718013897,GYRO,0.027532436333065,0.0101182700028788,0.0122268626327665,0.0,5.0
1761823368663,8489718013897,ACC,-1.41890988476961,7.718051270470895,4.892620296454958,0.0,5.0
1761823368663,8489718013897,MAG,44.618039310126,-37.59553090726877,-7.1498973398040375,0.0,5.0
1761823368663,8489718013897,ROT_VEC,0.2687490014761977,0.1006678856302309,-0.4649940321337832,0.3776386422773316,5.0
1761823368684,8489738248146,ROT_VEC,0.193446185058016,0.3575974030724519,-0.2352806760828597,0.8058386976868444,5.0
1761823368684,8489738248146,ACC,-1.699492009372387,9.252018739932163,5.00727408744044,0.0,5.0
1761823368684,8489738248146,MAG,41.59676502747822,-46.57185604647641,-0.1074039102970252,0.0,5.0
1761823368684,8489738248146,GYRO,0.0098779269057759,0.0666496347715725,-0.0051643875623315,0.0,5.0
1761823368704,8489758482395,ROT_VEC,0.1110319190550649,-0.9286307561368324,0.1799290690076009,0.4534778048553379,5.0
1761823368704,8489758482395,MAG,46.89214775183154,-62.21775212269829,-17.375980242707243,0.0,5.0
1761823368704,8489758482395,ACC,-0.1968442354381495,6.37284778713123,5.178010923687243,0.0,5.0
1761823368704,8489758482395,GYRO,-0.0227903807414539,-0.0608913561539969,0.0172688281549329,0.0,5.0
1761823368724,8489778716645,MAG,6.444984852178441,-34.07135187560632,-19.338038486448557,0.0,5.0
1761823368724,8489778716645,GYRO,0.0577139180433761,-0.0527981984183878,-0.0054219703223009,0.0,5.0
1761823368724,8489778716645,ACC,-0.4072821554515192,7.243929400502665,6.684598317042473,0.0,5.0
1761823368724,8489778716645,ROT_VEC,0.2253027395708328,-0.2228785027607877,-0.1221461295710175,0.4479717779294274,5.0
1761823368744,8489798950894,ACC,-0.1759409634288872,8.586270668617082,5.206979925851573,0.0,5.0
1761823368744,8489798950894,MAG,15.562927507636193,-21.94291576379764,-21.976375761047947,0.0,5.0
1761823368744,8489798950894,GYRO,0.0655052379764953,-0.1028957134495315,-0.0216006133623719,0.0,5.0
1761823368744,8489798950894,ROT_VEC,0.3085647352760586,-0.0263219619128819,-0.569301724854552,0.7305353100386368,5.0
1761823368765,8489819185144,ACC,-1.0512786782758756,6.4559579984329245,5.168447816514519,0.0,5.0
1761823368765,8489819185144,ROT_VEC,0.2428655722599664,-0.1607839750926522,0.2712244095232283,0.1118602264731836,5.0
1761823368765,8489819185144,GYRO,0.0959109804844425,-0.0017354515816699,0.0220454848080286,0.0,5.0
1761823368765,8489819185144,MAG,16.779615277489484,-39.8611979751339,-28.309363225827493,0.0,5.0
1761823368785,8489839419393,ROT_VEC,0.3048382253262027,0.2282054377323927,-0.1925336863112937,0.1527067896277535,5.0
1761823368785,8489839419393,MAG,6.776118788892008,-39.95424638788503,-17.708344556244416,0.0,5.0
1761823368785,8489839419393,ACC,-0.5294794445651965,9.980444337807148,4.569607235957201,0.0,5.0
1761823368785,8489839419393,GYRO,-0.0619363468575549,0.0016015547643041,0.0058984359071895,0.0,5.0
1761823368805,8489859653642,MAG,-7.074432884131629,-24.61258764186637,-14.760696634319014,0.0,5.0
1761823368805,8489859653642,ACC,-0.3994183736875661,9.5435211541667,6.598134108968779,0.0,5.0
1761823368805,8489859653642,GYRO,0.0360891295390003,0.0660072905898766,-0.0186657423331358,0.0,5.0
1761823368805,8489859653642,ROT_VEC,0.1650327906156188,0.2075333187352293,-0.1848371208057846,0.2870775301679838,5.0
1761823368825,8489879887892,GYRO,-0.0409320835558874,-0.0794750821275184,-0.0022863501991794,0.0,5.0
1761823368825,8489879887892,ROT_VEC,0.2245784034099411,0.033763591000769,-0.4670588880782885,0.4085003319846966,5.0
1761823368825,8489879887892,ACC,-1.1677890504383357,7.083768228460697,5.990339053084151,0.0,5.0
1761823368825,8489879887892,MAG,-5.074098106438668,-26.23819858959976,-2.8268695149365843,0.0,5.0
1761823368846,8489900122141,ROT_VEC,0.1113108819574422,-0.1908034256712595,0.020038327552003,0.4005540378336377,5.0
1761823368846,8489900122141,GYRO,0.0023721390360843,0.0440967548902089,-0.0022151662081692,0.0,5.0
1761823368846,8489900122141,MAG,15.777342973464648,-16.42239590804999,-6.140048685836571,0.0,5.0
1761823368846,8489900122141,ACC,-0.744655905981761,8.412152098944475,6.703326595068359,0.0,5.0
1761823368866,8489920356390,ACC,-1.260760976348897,9.649767042709218,4.91444852994048,0.0,5.0
1761823368866,8489920356390,GYRO,0.1504160822310389,0.0488084649036964,-0.0092838660740811,0.0,5.0
1761823368866,8489920356390,ROT_VEC,0.0835328939913246,0.7280567583904871,-0.1794634132145842,0.4293194288425488,5.0
1761823368866,8489920356390,MAG,17.04408963821329,-8.191631743452945,-17.50861909543823,0.0,5.0
1761823368886,8489940590640,GYRO,-0.1112424105074737,0.1363993175328608,-0.0023660691321764,0.0,5.0
1761823368886,8489940590640,MAG,-7.059917197506588,-33.841392148336645,-6.881548147483009,0.0,5.0
1761823368886,8489940590640,ROT_VEC,0.2522163527041076,0.2270384660143852,0.3692021057626685,0.626816959154209,5.0
1761823368886,8489940590640,ACC,-0.7088963419197363,9.688448190651416,6.137609151989134,0.0,5.0
1761823368906,8489960824889,ROT_VEC,0.1614781686188377,-0.313878255295232,-0.0180628989470615,0.0992427617960037,5.0
1761823368906,8489960824889,ACC,0.0648397998462,8.239360988935815,3.37891537990042,0.0,5.0
1761823368906,8489960824889,MAG,15.214220591932134,-32.906508387865344,-9.717158378624866,0.0,5.0
1761823368906,8489960824889,GYRO,-0.0689868706466911,0.0129492806716567,0.0126795022305272,0.0,5.0
1761823368926,8489981059139,GYRO,-0.0262808011079267,-0.0306492429667229,-0.0140335502463398,0.0,5.0
1761823368926,8489981059139,MAG,35.118310132188554,-38.63924745654433,-17.26986372662933,0.0,5.0
1761823368926,8489981059139,ACC,-1.117701355104305,7.981499296538333,6.368181317693791,0.0,5.0
1761823368926,8489981059139,ROT_VEC,0.0462402236186004,0.0467032415162806,0.7521468789085961,0.4520042767543433,5.0
1761823368947,8490001293388,ACC,-0.3546403529543562,9.6511580955499,3.603560994817901,0.0,5.0
1761823368947,8490001293388,GYRO,-0.1060846568464856,-0.0041191983910689,-0.0047091734048102,0.0,5.0
1761823368947,8490001293388,MAG,12.296115026701724,-40.79098411895797,-0.9384462759373864,0.0,5.0
1761823368947,8490001293388,ROT_VEC,0.2418204286348177,-0.200844624521965,0.517259786843759,0.5249560191282611,5.0
1761823368967,8490021527637,ACC,-1.2908629971234955,6.257784566327023,4.223252959886766,0.0,5.0
1761823368967,8490021527637,MAG,38.98509543588142,-28.67775189317145,-13.119827089477305,0.0,5.0
1761823368967,8490021527637,GYRO,-0.0386038652156265,0.1132476997967008,0.0067609142984272,0.0,5.0
1761823368967,8490021527637,ROT_VEC,0.1260065902411325,-0.053763197671295,1.967197191569424,0.162284629736247,5.0
1761823368987,8490041761887,MAG,13.354763383508589,-30.061359809924618,-12.819897177233631,0.0,5.0
1761823368987,8490041761887,ACC,-1.426194359693687,6.726820462546041,6.006271281559263,0.0,5.0
1761823368987,8490041761887,GYRO,-0.0066350803208816,0.0469448860814832,0.0096731626638715,0.0,5.0
1761823368987,8490041761887,ROT_VEC,0.1737001540627566,0.0016545366358452,-0.0961059605336062,0.8191234744544418,5.0
1761823369007,8490061996136,ROT_VEC,0.1702755648669799,-0.1181311988326654,0.2092066154804774,0.5967362489362347,5.0
1761823369007,8490061996136,MAG,8.510221637971762,-15.913053485468536,-20.05591386375094,0.0,5.0
1761823369007,8490061996136,GYRO,-0.0283209984833929,-0.1015265474047455,0.011117824654065,0.0,5.0
1761823369007,8490061996136,ACC,-0.2722541430754486,9.187838330538996,5.2743160373072415,0.0,5.0
1761823369028,8490082230385,ROT_VEC,0.363384417553797,0.343850970487712,-0.2778188090238223,0.3235766287412016,5.0
1761823369028,8490082230385,ACC,-1.5755787570917297,8.555853100425251,4.929437440564969,0.0,5.0
1761823369028,8490082230385,GYRO,-0.0059954532346761,0.1326426460494887,-0.028673254720632,0.0,5.0
1761823369028,8490082230385,MAG,-7.998047204832514,-22.73498184661286,-23.5970428781719,0.0,5.0
1761823369048,8490102464635,MAG,16.221202622312205,-39.79066340330285,-17.783266456815895,0.0,5.0
1761823369048,8490102464635,ACC,-1.476433429605269,9.33326717312537,4.6369901150417085,0.0,5.0
1761823369048,8490102464635,ROT_VEC,0.3356069346007158,-0.1656628940950831,-0.6235211984601416,0.6132016072020996,5.0
1761823369048,8490102464635,GYRO,-0.1011600192655699,-0.2278891465405969,-0.00597842352227,0.0,5.0
1761823369068,8490122698884,ACC,-1.1835198342821551,10.608378153355703,3.857063798992423,0.0,5.0
1761823369068,8490122698884,MAG,1.795827222487578,-29.127296240156724,-9.730715757493789,0.0,5.0
1761823369068,8490122698884,GYRO,-0.0232967817312781,-0.026694018934061,-0.0044399197648178,0.0,5.0
1761823369068,8490122698884,ROT_VEC,0.314221719863739,0.1120073387905077,0.606917049826453,0.5555707528886381,5.0
1761823369088,8490142933134,ACC,-0.4599808276308162,5.677666363443811,4.453901490668364,0.0,5.0
1761823369088,8490142933134,MAG,43.62376729214747,-10.039688159209351,-6.544478487593629,0.0,5.0
1761823369088,8490142933134,ROT_VEC,0.3345805883663904,0.3389671506288206,1.0409915928916238,0.7561198550154439,5.0
1761823369088,8490142933134,GYRO,-0.0166287894911476,-0.003234350701238,0.0206838626911431,0.0,5.0
1761823369109,8490163167383,ACC,-1.664493427850858,7.202719504853564,5.423567154181024,0.0,5.0
1761823369109,8490163167383,GYRO,-0.0336431295847165,-0.0192621849206252,0.0200984894194461,0.0,5.0
1761823369109,8490163167383,ROT_VEC,0.3341348098457642,-0.277955578849186,-1.5972203408606849,0.3106934061427346,5.0
1761823369109,8490163167383,MAG,14.551074554516624,-6.035676527555345,-17.97607242809792,0.0,5.0
1761823369129,8490183401632,ACC,-0.566437932172066,3.3065312775369087,2.9340377652636147,0.0,5.0
1761823369129,8490183401632,ROT_VEC,0.1068426021891384,-0.1416560638620114,-0.6045227624260392,0.3481048919890067,5.0
1761823369129,8490183401632,GYRO,-0.01900387601931,-0.0113408623017487,0.0139088131972301,0.0,5.0
1761823369129,8490183401632,MAG,26.09899439129943,-46.397405426411545,-9.921042987795666,0.0,5.0
1761823369149,8490203635882,MAG,31.41537036559052,-17.347093066434443,-8.097634992510624,0.0,5.0
1761823369149,8490203635882,ACC,-0.761433363543987,7.3546782670219635,2.9835269493440477,0.0,5.0
1761823369149,8490203635882,ROT_VEC,0.2562186353466704,-0.3237466036361288,-0.1952453359026351,0.5087342813280938,5.0
1761823369149,8490203635882,GYRO,-0.039070822409494,0.0050027426223508,0.0118818731493572,0.0,5.0
1761823369169,8490223870131,ACC,-1.3054742688038274,5.870356472797254,5.29900392803286,0.0,5.0
1761823369169,8490223870131,GYRO,-0.0431141303123489,0.0115683255078449,-0.0085661562468975,0.0,5.0
1761823369169,8490223870131,MAG,25.342669526151177,-26.569570789519645,-15.590090999710627,0.0,5.0
1761823369169,8490223870131,ROT_VEC,0.3799245538571059,0.0581859872820891,0.5161406167806165,0.2494251473589948,5.0
1761823369190,8490244104380,MAG,-0.6450641293951271,-29.809847110108784,-4.293458670896728,0.0,5.0
1761823369190,8490244104380,ACC,0.2928456662470358,8.450367402848523,4.629403542625125,0.0,5.0
1761823369190,8490244104380,ROT_VEC,0.2061395713769786,-0.6323838201216921,-1.1820383821730889,0.44893728076839,5.0
1761823369190,8490244104380,GYRO,-0.1033238844775325,-0.175285521970839,0.0241235555226582,0.0,5.0
1761823369210,8490264338630,MAG,18.82383342303605,-27.8514634482357,-8.022835625148094,0.0,5.0
1761823369210,8490264338630,GYRO,-0.0310957170560821,-0.1478654593682016,0.0126082716087842,0.0,5.0
1761823369210,8490264338630,ACC,-0.8261270029260244,4.716935984797391,5.088036376341265,0.0,5.0
1761823369210,8490264338630,ROT_VEC,0.2185283541847604,0.6813022562448733,-0.2071501377165847,0.5913844156299805,5.0
1761823369230,8490284572879,ACC,-0.2111621909901885,5.612151772853397,4.331902177172228,0.0,5.0
1761823369230,8490284572879,ROT_VEC,0.2380399907640144,-0.4781955925588264,-0.1056095855717764,0.4282079619516948,5.0
1761823369230,8490284572879,MAG,16.21195489286212,-31.673981327459465,-14.331855825206729,0.0,5.0
1761823369230,8490284572879,GYRO,0.0053438406774221,-0.0390016356336568,0.0197566856775202,0.0,5.0
1761823369250,8490304807129,MAG,0.3292663520019516,-43.65023380379412,-14.136954207516087,0.0,5.0
1761823369250,8490304807129,GYRO,-0.0026044977370386,-0.086198061375341,-0.0067785945425314,0.0,5.0
1761823369250,8490304807129,ACC,-0.6499367789947146,6.62003639134285,8.228537206357796,0.0,5.0
1761823369250,8490304807129,ROT_VEC,0.4594987893995182,-0.467098804196364,0.2208442108776034,0.503826399235627,5.0
1761823369270,8490325041378,ROT_VEC,0.3884289210300141,-0.2241889793248752,-1.908046720912784,0.8557700542054637,5.0
1761823369270,8490325041378,GYRO,-0.0838056919817131,-0.0523423152151059,-0.003296853033789,0.0,5.0
1761823369270,8490325041378,MAG,31.73826233075947,-21.355324043406327,-6.680897663963029,0.0,5.0
1761823369270,8490325041378,ACC,-1.0969813172737726,7.473600261234681,5.189301394704882,0.0,5.0
1761823369291,8490345275627,MAG,16.901204609577682,-38.01458019270166,-8.024747493312864,0.0,5.0
1761823369291,8490345275627,GYRO,0.035126426681498,0.1079108323060823,0.0108321349954698,0.0,5.0
1761823369291,8490345275627,ROT_VEC,0.2591817480167387,-0.429846120831717,-0.9990351208781132,0.2365698651508888,5.0
1761823369291,8490345275627,ACC,-0.3409340359448167,6.423394027068478,6.492744255378961,0.0,5.0
1761823369311,8490365509877,GYRO,-0.0645668747486863,0.0232481381878945,0.0187348544059103,0.0,5.0
1761823369311,8490365509877,MAG,45.94539637674034,-18.54565084789636,0.6675884908615692,0.0,5.0
1761823369311,8490365509877,ROT_VEC,0.2311531324398441,0.8900836054039115,0.7454883679507327,0.1097845580709258,5.0
1761823369311,8490365509877,ACC,-1.41606734863699,7.060522495290314,5.927666733478147,0.0,5.0
1761823369331,8490385744126,MAG,16.87633371584846,-50.13665903134439,-8.940538438455567,0.0,5.0
1761823369331,8490385744126,ROT_VEC,0.3436485017409821,-0.0949379682547643,-0.5592500413281525,0.6858907109768146,5.0
1761823369331,8490385744126,GYRO,-0.0473827304327654,-0.0201201612268092,-0.0086202131423197,0.0,5.0
1761823369331,8490385744126,ACC,-1.345787601079409,8.678192940045937,5.470849560370981,0.0,5.0
1761823369351,8490405978375,GYRO,0.0426701570423557,-0.0812334630135385,0.0019605972904889,0.0,5.0
1761823369351,8490405978375,ACC,-1.4184718477564973,8.220100937544746,5.120080885936117,0.0,5.0
1761823369351,8490405978375,ROT_VEC,0.008610568741022,0.0194278667205089,0.7193625136904888,0.7054608728963057,5.0
1761823369351,8490405978375,MAG,6.749846911099303,-43.04752552936705,-7.1373940334494,0.0,5.0
1761823369372,8490426212625,ACC,-0.0855476574857173,8.333474489576899,5.0704344261706655,0.0,5.0
1761823369372,8490426212625,GYRO,-0.0569424052189742,-0.0008407391703579,0.0063353069464742,0.0,5.0
1761823369372,8490426212625,ROT_VEC,0.0523811255928304,0.4315821052999134,0.5188730305967121,0.1072342949794833,5.0
1761823369372,8490426212625,MAG,28.01339670991249,-31.949613161362805,-15.017934346007817,0.0,5.0
1761823369392,8490446446874,MAG,15.63582676356893,-13.5869618950141,-25.06920688679864,0.0,5.0
1761823369392,8490446446874,ACC,-0.0350211532953483,7.745180498446849,6.227322032103297,0.0,5.0
1761823369392,8490446446874,ROT_VEC,0.2127457993507031,-0.0694948228708296,0.3124717077800538,0.3548560094594769,5.0
1761823369392,8490446446874,GYRO,-0.0175876575568445,0.0184553150124226,-0.0028468548512134,0.0,5.0
1761823369412,8490466681123,ROT_VEC,0.2066164490891931,-0.3120138189160886,-0.4544989478825578,0.2575360492386423,5.0
1761823369412,8490466681123,MAG,-13.663918855227548,-52.59611253459096,-3.328622176141286,0.0,5.0
1761823369412,8490466681123,ACC,-0.1845696323553272,5.267414389740543,5.140355114713562,0.0,5.0
1761823369412,8490466681123,GYRO,0.0900442815284466,0.0726853636309268,0.0107714615648012,0.0,5.0
1761823369432,8490486915373,ROT_VEC,0.1893822840767456,-0.7542491749630499,-1.1609028102785417,0.5526724519072002,5.0
1761823369432,8490486915373,GYRO,-0.0594275747769608,0.0543152312153386,0.0019318844986073,0.0,5.0
1761823369432,8490486915373,MAG,24.733284089622224,-35.30492833768078,-12.032536416890588,0.0,5.0
1761823369432,8490486915373,ACC,-0.9834340463617716,6.622861319660228,5.344031690880462,0.0,5.0
1761823369453,8490507149622,ACC,-0.9366012682660314,10.133011711536591,3.861982200719978,0.0,5.0
1761823369453,8490507149622,GYRO,0.0580846341227881,-0.0063251770267315,-0.0048788140789108,0.0,5.0
1761823369453,8490507149622,ROT_VEC,0.1108465476030215,0.1364089095972981,-0.6401774871946622,0.2859918107441874,5.0
1761823369453,8490507149622,MAG,30.52857523982087,-20.796247231697624,-18.000677795605558,0.0,5.0
1761823369473,8490527383872,GYRO,0.0266890396368094,0.0109501735049331,-0.0081218999217192,0.0,5.0
1761823369473,8490527383872,MAG,18.753485796591725,-47.782210025457445,-13.364596680442364,0.0,5.0
1761823369473,8490527383872,ACC,-0.2804259042377727,7.12055309710938,7.149425120693166,0.0,5.0
1761823369473,8490527383872,ROT_VEC,0.3060201154698704,-0.0222478528154694,0.1074244004389806,0.0883023012229478,5.0
1761823369493,8490547618121,ROT_VEC,0.1690097238760916,-0.1968746291303355,-0.3499024441461822,0.0844717505364754,5.0
1761823369493,8490547618121,GYRO,0.0448178693938895,0.0019705409617954,0.019114689742425,0.0,5.0
1761823369493,8490547618121,MAG,24.340388229596336,-37.31641279055591,-30.265892718685603,0.0,5.0
1761823369493,8490547618121,ACC,-0.7472473267075894,7.268165325805151,3.526589199364038,0.0,5.0
1761823369513,8490567852370,ROT_VEC,0.1362766745332554,-0.4162163812171943,0.3681803784242241,0.4971910018972188,5.0
1761823369513,8490567852370,ACC,-0.9075772150360342,8.734274526229475,3.721735196680693,0.0,5.0
1761823369513,8490567852370,MAG,-18.57682013282061,-42.82782244862968,-18.78191696988777,0.0,5.0
1761823369513,8490567852370,GYRO,0.0072535253533283,0.0099570085989037,-0.0265873545386142,0.0,5.0
1761823369533,8490588086620,MAG,8.721863603143525,-43.35635310174049,-8.654328596764412,0.0,5.0
1761823369533,8490588086620,GYRO,-0.0080418875341956,-0.2073151353211737,-0.0176490974414811,0.0,5.0
1761823369533,8490588086620,ACC,-1.29038740964331,7.328743933765694,5.707057974166685,0.0,5.0
1761823369533,8490588086620,ROT_VEC,0.2107447166948577,-0.3820630306114259,-1.2293953148029737,0.106272952494349,5.0
1761823369554,8490608320869,MAG,4.42365027921374,-31.26659193449824,-4.495437226299054,0.0,5.0
1761823369554,8490608320869,ACC,-0.8105089859073059,7.82424232898815,5.426330895457438,0.0,5.0
1761823369554,8490608320869,GYRO,-0.0225037986177319,0.0923599536386788,0.0013474026914778,0.0,5.0
1761823369554,8490608320869,ROT_VEC,0.0853217202743671,0.1827954834320483,0.4693250564230736,0.7097426677989113,5.0
1761823369574,8490628555118,ROT_VEC,0.1624799706484323,0.0211306926249076,-0.840712846532679,0.5420496801380064,5.0
1761823369574,8490628555118,MAG,2.006740491494605,-51.906595852016295,-4.328931109304727,0.0,5.0
1761823369574,8490628555118,GYRO,-0.0232799680075289,-0.0184103145655952,-0.0276224995931909,0.0,5.0
1761823369574,8490628555118,ACC,-0.1175069218276018,7.757199193155403,4.558253015932392,0.0,5.0
1761823369594,8490648789368,GYRO,0.0188772447132431,0.0927135504087499,0.0053465524436547,0.0,5.0
1761823369594,8490648789368,ACC,-0.2196066101532031,9.248605989107906,7.082468485406244,0.0,5.0
1761823369594,8490648789368,ROT_VEC,0.1794597910836264,0.6081240720731638,-0.0663692514147087,0.5559034152995087,5.0
1761823369594,8490648789368,MAG,-2.3093364494895425,-25.540673445176424,-3.026204699584498,0.0,5.0
1761823369614,8490669023617,MAG,1.019122246612189,-48.72601935397919,3.8729636974746335,0.0,5.0
1761823369614,8490669023617,ROT_VEC,0.1357262653172546,0.314700664085586,-0.1985756832350523,0.2318835337281361,5.0
1761823369614,8490669023617,ACC,0.5509372592084406,9.229427273463685,5.769362290161641,0.0,5.0
1761823369614,8490669023617,GYRO,-0.0160894259531816,0.0001320110845694,0.0069627561146458,0.0,5.0
1761823369635,8490689257867,ACC,-0.9727511507392466,9.457981573320868,4.472490847498115,0.0,5.0
1761823369635,8490689257867,ROT_VEC,-0.1179625667175918,-0.0897248387170567,-0.6278553542848553,0.2888242781191596,5.0
1761823369635,8490689257867,MAG,12.402309510305152,-30.261057736968613,-17.260589786599795,0.0,5.0
1761823369635,8490689257867,GYRO,-0.0240880730568366,0.0583079140439369,0.0038672048592949,0.0,5.0
1761823369655,8490709492116,GYRO,0.0022218729888116,0.0509953753572232,0.0175369617620589,0.0,5.0
1761823369655,8490709492116,MAG,32.713538469777895,-30.79843233246466,-1.6424910950797542,0.0,5.0
1761823369655,8490709492116,ACC,-0.6280119563489991,5.081266461466123,4.169555836129801,0.0,5.0
1761823369655,8490709492116,ROT_VEC,0.1425430331418163,-0.4482439136232405,0.6929747405721584,0.7291307971582621,5.0
1761823369675,8490729726365,GYRO,0.0251450529658654,-0.093955294413955,0.020674019294304,0.0,5.0
1761823369675,8490729726365,ROT_VEC,0.1679438543387054,-0.1171976027938116,-0.0425632664713954,0.5501400483600486,5.0
1761823369675,8490729726365,MAG,37.09266699144622,-25.778862146832918,-26.342828164125848,0.0,5.0
1761823369675,8490729726365,ACC,0.0735907287619737,8.995999517644522,5.736908141291476,0.0,5.0
1761823369695,8490749960615,ACC,-0.2804402972381763,8.129085433115003,5.369262719691752,0.0,5.0
1761823369695,8490749960615,MAG,8.061245981901184,-13.243325839114735,-20.80021673759616,0.0,5.0
1761823369695,8490749960615,GYRO,-0.0455900078179935,-0.1572086194978162,-0.010483220577371,0.0,5.0
1761823369695,8490749960615,ROT_VEC,0.1680078971828367,-0.4945496018684346,-0.151875867336807,0.2743800941472011,5.0
1761823369716,8490770194864,MAG,17.053002542341734,-26.04599311077563,-14.279156739787853,0.0,5.0
1761823369716,8490770194864,ROT_VEC,0.1753570829914403,0.3139976728743558,1.009203844924821,0.4096962405750546,5.0
1761823369716,8490770194864,GYRO,0.0519558814806384,0.0496158646361954,-0.0102942136317869,0.0,5.0
1761823369716,8490770194864,ACC,-1.26563824742167,6.832866515421038,5.157511426963908,0.0,5.0
1761823369736,8490790429113,ROT_VEC,0.1100316353468173,0.2544544988465118,-0.7260452555441111,0.6981287975425376,5.0
1761823369736,8490790429113,ACC,-0.5349710682497723,9.204025498545846,6.393737166172532,0.0,5.0
1761823369736,8490790429113,MAG,14.876155689798658,-26.12087610631807,-19.4809333578189,0.0,5.0
1761823369736,8490790429113,GYRO,0.034021758476758,-0.0675439145199855,0.0001100931697284,0.0,5.0
1761823369756,8490810663363,ROT_VEC,0.1521830007853055,-0.3974474061281229,-0.0188728747788165,-0.0577633693515774,5.0
1761823369756,8490810663363,MAG,22.384379393751303,-42.64794704099103,-17.45290123611453,0.0,5.0
1761823369756,8490810663363,ACC,-0.3698570235619379,9.005249768939743,4.458707788230137,0.0,5.0
1761823369756,8490810663363,GYRO,0.0502044300384133,-0.1792948552640874,-0.0295809056293696,0.0,5.0
1761823369776,8490830897612,GYRO,-0.0368031937370041,0.0129367847496817,-0.005355585859342,0.0,5.0
1761823369776,8490830897612,ACC,-0.658257470845344,9.599730500543703,5.633991295023161,0.0,5.0
1761823369776,8490830897612,ROT_VEC,0.137919378940322,-0.1798739440881403,0.9530679001853176,0.3425020524816242,5.0
1761823369776,8490830897612,MAG,29.133711220802933,-23.782043225904644,-11.102184177544109,0.0,5.0
1761823369797,8490851131862,ROT_VEC,-0.0347724843540495,-0.4059553854083316,-0.4349400138216228,0.6776194403451761,5.0
1761823369797,8490851131862,MAG,10.783551671449567,-8.346651994366148,-15.081207399336522,0.0,5.0
1761823369797,8490851131862,ACC,-1.1271885666057395,7.224871536536148,3.5195718540921272,0.0,5.0
1761823369797,8490851131862,GYRO,-0.005867627925727,-0.0113583349064468,0.0188648650244402,0.0,5.0
1761823369817,8490871366111,ACC,-0.7835106259653367,7.234087307398319,4.7693462327717935,0.0,5.0
1761823369817,8490871366111,ROT_VEC,0.2887218161243148,-0.6030163418349329,0.6908340306850633,0.5243177509632961,5.0
1761823369817,8490871366111,GYRO,-0.0095831029443986,0.0154474170869001,0.0130018765574709,0.0,5.0
1761823369817,8490871366111,MAG,18.429097245892724,-37.82405903300837,-13.53733490724476,0.0,5.0
1761823369837,8490891600360,ROT_VEC,-0.0185452734790315,-0.1160391588777062,-0.0769659652217645,0.1443391624375548,5.0
1761823369837,8490891600360,ACC,-1.6901967152677246,8.450718222639976,5.977553447162959,0.0,5.0
1761823369837,8490891600360,MAG,14.948980539065976,-27.24227450318561,-9.988317599724493,0.0,5.0
1761823369837,8490891600360,GYRO,-0.029651390682299,-0.0747948977425898,0.038414069967594,0.0,5.0
1761823369857,8490911834610,ACC,0.7667357182033783,9.067504054592645,4.587940914690982,0.0,5.0
1761823369857,8490911834610,MAG,17.540618346408756,-23.689499280295216,-14.371886602778714,0.0,5.0
1761823369857,8490911834610,ROT_VEC,0.1339820417619489,0.3990239461065119,-0.1521405165217458,0.4444921998230323,5.0
1761823369857,8490911834610,GYRO,-0.0550093679917131,-0.0221257613287135,0.0184901600924653,0.0,5.0
1761823369877,8490932068859,ROT_VEC,0.3004484261235812,0.1501546401107996,0.7013697781119752,0.265597095004432,5.0
1761823369877,8490932068859,ACC,-1.3101953647229616,6.223842482197188,4.737692999642094,0.0,5.0
1761823369877,8490932068859,GYRO,0.0164832842198656,-0.0291771340237418,0.0055027840868558,0.0,5.0
1761823369877,8490932068859,MAG,36.99131931086192,-37.96404634868611,-14.541316436594954,0.0,5.0
1761823369898,8490952303108,ROT_VEC,0.1872758384028882,-0.191641824950986,0.2825665684114452,0.4523277115108283,5.0
1761823369898,8490952303108,GYRO,-0.0075936718674665,-0.1564732805835044,0.0008611563281786,0.0,5.0
1761823369898,8490952303108,ACC,-0.75128601129846,6.995888799387478,5.8085070346629,0.0,5.0
1761823369898,8490952303108,MAG,4.981423724261688,-8.900527521115816,-10.0829208515523,0.0,5.0
1761823369918,8490972537358,MAG,0.1263982607212369,-57.57949476989405,-16.733834007843075,0.0,5.0
1761823369918,8490972537358,ROT_VEC,0.3475181453344275,0.4334205387944469,0.6743896709306995,0.2505271590968153,5.0
1761823369918,8490972537358,GYRO,-0.0462005649861117,-0.0667654412940709,-0.001025183825815,0.0,5.0
1761823369918,8490972537358,ACC,0.0711580910734222,7.018715965175053,5.903619928409869,0.0,5.0
1761823369938,8490992771607,ROT_VEC,0.3124798103046551,-0.0260732378225692,-1.2956063730854543,0.3288058877738696,5.0
1761823369938,8490992771607,MAG,47.87616381641106,-34.56518609444167,-12.691538856680491,0.0,5.0
1761823369938,8490992771607,ACC,-1.3500590652393685,7.990490912102621,5.429453928430184,0.0,5.0
1761823369938,8490992771607,GYRO,-0.0391372712242052,-0.0626483349415023,-0.0011105517494276,0.0,5.0
1761823369958,8491013005857,GYRO,0.0385068311154656,-0.030496024218744,0.0405700523466554,0.0,5.0
1761823369958,8491013005857,ROT_VEC,0.1917295786490718,-0.3748925340849193,0.403260119609742,0.4466082097518239,5.0
1761823369958,8491013005857,MAG,-0.833516876262864,-50.331198227188224,-4.649294113639288,0.0,5.0
1761823369958,8491013005857,ACC,-0.9443678517404096,5.058679982537953,5.350143203559097,0.0,5.0
1761823369979,8491033240106,ROT_VEC,0.1874669918151582,-0.2297384280978508,0.3062138513426583,0.401551273456357,5.0
1761823369979,8491033240106,ACC,-0.3153321125137486,7.789126349737295,4.885934501265269,0.0,5.0
1761823369979,8491033240106,MAG,-7.046895708082817,-49.0834969096035,-4.519932359696696,0.0,5.0
1761823369979,8491033240106,GYRO,-0.0304266107205406,-0.0856272632510197,-0.0096125511800846,0.0,5.0
1761823369999,8491053474355,MAG,12.554960978850293,-43.03592931836236,-11.648080849244293,0.0,5.0
1761823369999,8491053474355,GYRO,-0.0509143562640981,-0.0384183699639597,-0.00711699782994,0.0,5.0
1761823369999,8491053474355,ACC,0.1103330420027633,8.276532980448836,7.909223956773382,0.0,5.0
1761823369999,8491053474355,ROT_VEC,0.1592844588955116,-0.1147511966769685,-0.6257235721267265,0.5142307344934504,5.0
1761823370019,8491073708605,GYRO,-0.0494702579152228,0.0272554754053,0.0178343787797541,0.0,5.0
1761823370019,8491073708605,MAG,9.296239711177597,-34.47009881788895,-10.908757788312576,0.0,5.0
1761823370019,8491073708605,ACC,-0.4186286368116776,9.828472615840203,6.130329052536943,0.0,5.0
1761823370019,8491073708605,ROT_VEC,0.1455344429769373,-0.0219210321774055,0.641304481399642,0.3026145995173575,5.0
1761823370039,8491093942854,ACC,-0.0883704959543049,8.11957786989398,3.103394626372653,0.0,5.0
1761823370039,8491093942854,ROT_VEC,0.2511732949725867,-0.0514465702021616,0.8627693779252312,0.6128205895470289,5.0
1761823370039,8491093942854,MAG,21.655861782605168,-38.41924828517068,-13.21823867161702,0.0,5.0
1761823370039,8491093942854,GYRO,0.0203879033713606,-0.0190330833515473,-0.0290256442067342,0.0,5.0
1761823370060,8491114177103,MAG,1.6230341199055909,-15.00220856634056,-18.50613420645391,0.0,5.0
1761823370060,8491114177103,ACC,0.0986458176236769,7.387026708261941,5.148100541299893,0.0,5.0
1761823370060,8491114177103,GYRO,-0.0009911483637032,0.0754236035109062,-0.0015428157162793,0.0,5.0
1761823370060,8491114177103,ROT_VEC,0.3894162055456513,-0.0125497919103684,0.1931298771400905,0.3632674505456736,5.0
1761823370080,8491134411353,ROT_VEC,0.2433715449842596,0.63490638202145,-0.3669931328357941,0.4098213344213183,5.0
1761823370080,8491134411353,MAG,20.056884356150757,-14.719480482062057,-8.392834482217138,0.0,5.0
1761823370080,8491134411353,GYRO,-0.030568718010044,-0.0738279740289922,0.0177173018977243,0.0,5.0
1761823370080,8491134411353,ACC,-0.3678681715115137,6.948985837273251,5.61649541721951,0.0,5.0
1761823370100,8491154645602,ROT_VEC,0.3702632707710219,0.8048491374930996,-0.3432430895620679,0.9762759967439836,5.0
1761823370100,8491154645602,ACC,-0.766744235179415,8.893007037449117,4.699640310711158,0.0,5.0
1761823370100,8491154645602,MAG,8.693574992525024,-39.29716759526347,-12.028235540473414,0.0,5.0
1761823370100,8491154645602,GYRO,0.0033035488574478,0.041961617733168,0.0006965674341389,0.0,5.0
1761823370120,8491174879852,ACC,-1.1996884390061031,6.830381304127167,4.721977753588956,0.0,5.0
1761823370120,8491174879852,MAG,22.07119646490596,-37.85570938987609,-5.414435277340696,0.0,5.0
1761823370120,8491174879852,GYRO,-0.0241105052382564,0.0758269544169521,0.0121499821643578,0.0,5.0
1761823370120,8491174879852,ROT_VEC,0.2731116277206394,0.0405619810817918,-0.3170200264435889,0.4456383653978178,5.0
1761823370141,8491195114101,MAG,30.033969649292448,-26.23518185131753,-10.113280920406382,0.0,5.0
1761823370141,8491195114101,GYRO,0.0653585370404247,-0.0340824155920794,-0.0360406286823212,0.0,5.0
1761823370141,8491195114101,ROT_VEC,0.1822819401967304,0.2928665307945587,0.155875227475526,0.4624149474543733,5.0
1761823370141,8491195114101,ACC,-1.30753230607998,6.714664260180068,3.8108512309710862,0.0,5.0
1761823370161,8491215348350,GYRO,-0.0795526653396139,-0.0168735490917712,-0.0018301796914854,0.0,5.0
1761823370161,8491215348350,ACC,-1.3348373696055635,5.961156530462586,7.2795913435894,0.0,5.0
1761823370161,8491215348350,MAG,9.303429891992666,-24.759593638402563,-9.36171239674126,0.0,5.0
1761823370161,8491215348350,ROT_VEC,0.2186838484252334,0.2095472329138708,-0.4107716484913268,0.1429999632973541,5.0
1761823370181,8491235582600,ACC,-1.0697763708648902,8.703330904634116,4.685602032135037,0.0,5.0
1761823370181,8491235582600,ROT_VEC,0.3268985663753862,0.0656600779061806,-0.6046791536087391,0.2201789864802893,5.0
1761823370181,8491235582600,GYRO,0.1072642499997574,0.0374213866437362,0.004374715076021,0.0,5.0
1761823370181,8491235582600,MAG,30.87332533062131,-7.291703180657196,8.33175242361184,0.0,5.0
1761823370201,8491255816849,MAG,14.723515383053348,-41.31903822044312,-7.388545462422183,0.0,5.0
1761823370201,8491255816849,GYRO,0.0818844379078079,0.0478093479304292,0.0516442741724409,0.0,5.0
1761823370201,8491255816849,ROT_VEC,0.389360606364551,0.2560088061871143,-0.0820280050977633,1.020406531714875,5.0
1761823370201,8491255816849,ACC,-1.2303613839784646,7.023639963984472,3.5016352071815384,0.0,5.0
1761823370221,8491276051098,GYRO,0.0476858786487607,0.0378769876871992,-0.0317073100761525,0.0,5.0
1761823370221,8491276051098,ACC,-0.9533776191161688,9.041343344369308,4.90584838028656,0.0,5.0
1761823370221,8491276051098,ROT_VEC,0.2973656662109012,0.7031927492599509,-0.1597966065607494,0.4946192061655082,5.0
1761823370221,8491276051098,MAG,-5.839472597388346,-17.661160059943136,-25.95694773883459,0.0,5.0
1761823370242,8491296285348,MAG,10.191996814753873,-53.73986461486136,-11.235382440871492,0.0,5.0
1761823370242,8491296285348,ROT_VEC,0.2524093144233373,-0.0346321842011831,0.042667764216036,0.4018270492832022,5.0
1761823370242,8491296285348,GYRO,0.0058384897106412,-0.1115696470200399,-0.0114972948072588,0.0,5.0
1761823370242,8491296285348,ACC,-2.672173520569065,7.675217114610624,5.145285815644938,0.0,5.0
1761823370262,8491316519597,ACC,0.4145228713056699,5.889036012749908,6.144285033370932,0.0,5.0
1761823370262,8491316519597,ROT_VEC,0.2984920207142653,0.6185768226118722,0.1552920833388194,0.5844121672212621,5.0
1761823370262,8491316519597,GYRO,-0.0124365545057139,-0.0869141449093863,-0.0045531098544109,0.0,5.0
1761823370262,8491316519597,MAG,-2.330680045721945,-32.54871654525763,-23.88788690386929,0.0,5.0
1761823370282,8491336753847,ACC,-1.5710706137138202,8.123067604913206,5.868912755135822,0.0,5.0
1761823370282,8491336753847,ROT_VEC,-0.0436979818713219,0.6031150350736022,-0.0248900245127513,0.4982701895943827,5.0
1761823370282,8491336753847,GYRO,0.0127295867104505,-0.0070213408137221,-0.0020991069450654,0.0,5.0
1761823370282,8491336753847,MAG,17.596812592381085,-14.653217302042115,-13.850111666331326,0.0,5.0
1761823370302,8491356988096,GYRO,-0.0844437471663173,-0.0795003130522327,-0.0198302564421499,0.0,5.0
1761823370302,8491356988096,ROT_VEC,0.3340812668280856,-0.4613627949121831,-0.2963270041110946,0.6487961932636769,5.0
1761823370302,8491356988096,ACC,-1.0129265297876786,7.171835790314581,6.625338750443786,0.0,5.0
1761823370302,8491356988096,MAG,22.06310807288585,-15.867207829403672,-23.55949698562933,0.0,5.0
1761823370323,8491377222345,GYRO,0.0024446205930417,-0.0995135836600358,0.0043267910483097,0.0,5.0
1761823370323,8491377222345,ROT_VEC,0.1779703096939049,-0.04131173227423,-0.3700740959726029,0.1530863190720382,5.0
1761823370323,8491377222345,MAG,17.071247109087142,-28.306711732696563,-13.191771793916082,0.0,5.0
1761823370323,8491377222345,ACC,0.0020915962490405,9.571057811253468,6.8024624804702425,0.0,5.0
1761823370343,8491397456595,MAG,6.38430811100184,-18.88834397417924,-17.009814476673053,0.0,5.0
1761823370343,8491397456595,ACC,-0.9402721229637414,9.354533652975784,5.359001258371534,0.0,5.0
1761823370343,8491397456595,GYRO,-0.0393990666488531,-0.0080533375940759,0.0150666354489257,0.0,5.0
1761823370343,8491397456595,ROT_VEC,0.402924877178536,0.2560122909650051,-0.5685608802016551,0.1886032262526451,5.0
